upstream_repo,upstream_subdir,upstream_ref,upstream_commit,upstream_file,upstream_symbol,upstream_line,rust_file,rust_symbol,rust_line,status,rationale
root-project/root,math/minuit2,v6-36-08,a8ca1b23e38d7dbe0ff24027894ca0f2ad65f1bd,inc/Minuit2/AnalyticalGradientCalculator.h,CanComputeG2,38,src/gradient/analytical.rs,can_compute_g2,107,implemented,symbol name match
root-project/root,math/minuit2,v6-36-08,a8ca1b23e38d7dbe0ff24027894ca0f2ad65f1bd,inc/Minuit2/AnalyticalGradientCalculator.h,CanComputeHessian,40,src/gradient/analytical.rs,can_compute_hessian,111,implemented,symbol name match
root-project/root,math/minuit2,v6-36-08,a8ca1b23e38d7dbe0ff24027894ca0f2ad65f1bd,inc/Minuit2/AnalyticalGradientCalculator.h,G2,36,src/gradient/analytical.rs,g2,115,implemented,symbol name match
root-project/root,math/minuit2,v6-36-08,a8ca1b23e38d7dbe0ff24027894ca0f2ad65f1bd,inc/Minuit2/AnalyticalGradientCalculator.h,Hessian,33,src/gradient/analytical.rs,hessian,142,implemented,symbol name match
root-project/root,math/minuit2,v6-36-08,a8ca1b23e38d7dbe0ff24027894ca0f2ad65f1bd,inc/Minuit2/AnalyticalGradientCalculator.h,operator(),28,,,,intentionally-skipped,constructor/destructor/operator handled idiomatically in Rust
root-project/root,math/minuit2,v6-36-08,a8ca1b23e38d7dbe0ff24027894ca0f2ad65f1bd,inc/Minuit2/AnalyticalGradientCalculator.h,operator(),30,,,,intentionally-skipped,constructor/destructor/operator handled idiomatically in Rust
root-project/root,math/minuit2,v6-36-08,a8ca1b23e38d7dbe0ff24027894ca0f2ad65f1bd,src/BFGSErrorUpdator.cxx,Nrow,36,src/migrad/builder.rs,nrow,412,implemented,symbol name match
root-project/root,math/minuit2,v6-36-08,a8ca1b23e38d7dbe0ff24027894ca0f2ad65f1bd,src/BFGSErrorUpdator.cxx,operator(),24,,,,intentionally-skipped,constructor/destructor/operator handled idiomatically in Rust
root-project/root,math/minuit2,v6-36-08,a8ca1b23e38d7dbe0ff24027894ca0f2ad65f1bd,inc/Minuit2/BFGSErrorUpdator.h,Update,18,src/migrad/builder.rs,update,402,implemented,symbol name match
root-project/root,math/minuit2,v6-36-08,a8ca1b23e38d7dbe0ff24027894ca0f2ad65f1bd,inc/Minuit2/BasicFunctionGradient.h,<no_symbol_extracted>,,src/minimum/gradient.rs,,,needs-review,source unavailable: inc/Minuit2/BasicFunctionGradient.h: failed to download https://raw.githubusercontent.com/root-project/root/a8ca1b23e38d7dbe0ff24027894ca0f2ad65f1bd/math/minuit2/inc/Minuit2/BasicFunctionGradient.h: 404
root-project/root,math/minuit2,v6-36-08,a8ca1b23e38d7dbe0ff24027894ca0f2ad65f1bd,inc/Minuit2/BasicFunctionMinimum.h,<no_symbol_extracted>,,src/minimum/error.rs;src/minimum/mod.rs;src/user_parameter_state.rs,,,needs-review,source unavailable: inc/Minuit2/BasicFunctionMinimum.h: failed to download https://raw.githubusercontent.com/root-project/root/a8ca1b23e38d7dbe0ff24027894ca0f2ad65f1bd/math/minuit2/inc/Minuit2/BasicFunctionMinimum.h: 404
root-project/root,math/minuit2,v6-36-08,a8ca1b23e38d7dbe0ff24027894ca0f2ad65f1bd,inc/Minuit2/BasicMinimumError.h;src/BasicMinimumError.cxx,<no_symbol_extracted>,,src/minimum/error.rs,,,needs-review,source unavailable: inc/Minuit2/BasicMinimumError.h: failed to download https://raw.githubusercontent.com/root-project/root/a8ca1b23e38d7dbe0ff24027894ca0f2ad65f1bd/math/minuit2/inc/Minuit2/BasicMinimumError.h: 404
root-project/root,math/minuit2,v6-36-08,a8ca1b23e38d7dbe0ff24027894ca0f2ad65f1bd,inc/Minuit2/BasicMinimumParameters.h,<no_symbol_extracted>,,src/minimum/parameters.rs,,,needs-review,source unavailable: inc/Minuit2/BasicMinimumParameters.h: failed to download https://raw.githubusercontent.com/root-project/root/a8ca1b23e38d7dbe0ff24027894ca0f2ad65f1bd/math/minuit2/inc/Minuit2/BasicMinimumParameters.h: 404
root-project/root,math/minuit2,v6-36-08,a8ca1b23e38d7dbe0ff24027894ca0f2ad65f1bd,inc/Minuit2/BasicMinimumSeed.h,<no_symbol_extracted>,,src/minimum/seed.rs,,,needs-review,source unavailable: inc/Minuit2/BasicMinimumSeed.h: failed to download https://raw.githubusercontent.com/root-project/root/a8ca1b23e38d7dbe0ff24027894ca0f2ad65f1bd/math/minuit2/inc/Minuit2/BasicMinimumSeed.h: 404
root-project/root,math/minuit2,v6-36-08,a8ca1b23e38d7dbe0ff24027894ca0f2ad65f1bd,inc/Minuit2/BasicMinimumState.h,<no_symbol_extracted>,,src/minimum/state.rs,,,needs-review,source unavailable: inc/Minuit2/BasicMinimumState.h: failed to download https://raw.githubusercontent.com/root-project/root/a8ca1b23e38d7dbe0ff24027894ca0f2ad65f1bd/math/minuit2/inc/Minuit2/BasicMinimumState.h: 404
root-project/root,math/minuit2,v6-36-08,a8ca1b23e38d7dbe0ff24027894ca0f2ad65f1bd,inc/Minuit2/CombinedMinimizer.h,<no_symbol_extracted>,,src/minimize/mod.rs,,,needs-review,unable to extract symbols with heuristic parser
root-project/root,math/minuit2,v6-36-08,a8ca1b23e38d7dbe0ff24027894ca0f2ad65f1bd,inc/Minuit2/CombinedMinimumBuilder.h,Minimum,20,,,,needs-review,architectural refactor; no 1:1 symbol match
root-project/root,math/minuit2,v6-36-08,a8ca1b23e38d7dbe0ff24027894ca0f2ad65f1bd,inc/Minuit2/CombinedMinimumBuilder.h,SetPrintLevel,24,,,,needs-review,architectural refactor; no 1:1 symbol match
root-project/root,math/minuit2,v6-36-08,a8ca1b23e38d7dbe0ff24027894ca0f2ad65f1bd,inc/Minuit2/CombinedMinimumBuilder.h,SetStorageLevel,30,,,,needs-review,architectural refactor; no 1:1 symbol match
root-project/root,math/minuit2,v6-36-08,a8ca1b23e38d7dbe0ff24027894ca0f2ad65f1bd,inc/Minuit2/CombinedMinimumBuilder.h,SetTraceObject,38,,,,needs-review,architectural refactor; no 1:1 symbol match
root-project/root,math/minuit2,v6-36-08,a8ca1b23e38d7dbe0ff24027894ca0f2ad65f1bd,inc/Minuit2/ContoursError.h,NFcn,60,src/contours/contours_error.rs,nfcn,33,implemented,symbol name match
root-project/root,math/minuit2,v6-36-08,a8ca1b23e38d7dbe0ff24027894ca0f2ad65f1bd,inc/Minuit2/ContoursError.h,XMin,61,src/contours/contours_error.rs,x_min,37,implemented,symbol name match
root-project/root,math/minuit2,v6-36-08,a8ca1b23e38d7dbe0ff24027894ca0f2ad65f1bd,inc/Minuit2/ContoursError.h,Xpar,53,src/contours/contours_error.rs,xpar,25,implemented,symbol name match
root-project/root,math/minuit2,v6-36-08,a8ca1b23e38d7dbe0ff24027894ca0f2ad65f1bd,inc/Minuit2/ContoursError.h,YMin,62,src/contours/contours_error.rs,y_min,41,implemented,symbol name match
root-project/root,math/minuit2,v6-36-08,a8ca1b23e38d7dbe0ff24027894ca0f2ad65f1bd,inc/Minuit2/ContoursError.h,Ypar,54,src/contours/contours_error.rs,ypar,29,implemented,symbol name match
root-project/root,math/minuit2,v6-36-08,a8ca1b23e38d7dbe0ff24027894ca0f2ad65f1bd,inc/Minuit2/DavidonErrorUpdator.h,Update,18,src/migrad/builder.rs,update,402,implemented,symbol name match
root-project/root,math/minuit2,v6-36-08,a8ca1b23e38d7dbe0ff24027894ca0f2ad65f1bd,inc/Minuit2/FCNBase.h,ErrorDef,40,src/fcn.rs,error_def,17,implemented,symbol name match
root-project/root,math/minuit2,v6-36-08,a8ca1b23e38d7dbe0ff24027894ca0f2ad65f1bd,inc/Minuit2/FCNBase.h,G2,63,src/fcn.rs,g2,53,implemented,symbol name match
root-project/root,math/minuit2,v6-36-08,a8ca1b23e38d7dbe0ff24027894ca0f2ad65f1bd,inc/Minuit2/FCNBase.h,Gradient,51,src/fcn.rs,gradient,86,implemented,symbol name match
root-project/root,math/minuit2,v6-36-08,a8ca1b23e38d7dbe0ff24027894ca0f2ad65f1bd,inc/Minuit2/FCNBase.h,GradientWithPrevResult,52,src/fcn.rs,gradient_with_prev_result,37,implemented,symbol name match
root-project/root,math/minuit2,v6-36-08,a8ca1b23e38d7dbe0ff24027894ca0f2ad65f1bd,inc/Minuit2/FCNBase.h,gradParameterSpace,58,src/fcn.rs,grad_parameter_space,48,implemented,symbol name match
root-project/root,math/minuit2,v6-36-08,a8ca1b23e38d7dbe0ff24027894ca0f2ad65f1bd,inc/Minuit2/FCNBase.h,HasG2,70,src/fcn.rs,g2,53,needs-review,multiple Rust symbol candidates
root-project/root,math/minuit2,v6-36-08,a8ca1b23e38d7dbe0ff24027894ca0f2ad65f1bd,inc/Minuit2/FCNBase.h,HasGradient,49,src/fcn.rs,has_gradient,32,needs-review,multiple Rust symbol candidates
root-project/root,math/minuit2,v6-36-08,a8ca1b23e38d7dbe0ff24027894ca0f2ad65f1bd,inc/Minuit2/FCNBase.h,HasHessian,68,src/fcn.rs,hessian,58,needs-review,multiple Rust symbol candidates
root-project/root,math/minuit2,v6-36-08,a8ca1b23e38d7dbe0ff24027894ca0f2ad65f1bd,inc/Minuit2/FCNBase.h,Hessian,66,src/fcn.rs,hessian,58,implemented,symbol name match
root-project/root,math/minuit2,v6-36-08,a8ca1b23e38d7dbe0ff24027894ca0f2ad65f1bd,inc/Minuit2/FCNBase.h,operator(),36,src/fcn.rs,value,14,needs-review,multiple Rust symbol candidates
root-project/root,math/minuit2,v6-36-08,a8ca1b23e38d7dbe0ff24027894ca0f2ad65f1bd,inc/Minuit2/FCNBase.h,SetErrorDef,47,src/fcn.rs,set_error_def,29,implemented,symbol name match
root-project/root,math/minuit2,v6-36-08,a8ca1b23e38d7dbe0ff24027894ca0f2ad65f1bd,inc/Minuit2/FCNBase.h,Up,44,src/fcn.rs,up,22,implemented,symbol name match
root-project/root,math/minuit2,v6-36-08,a8ca1b23e38d7dbe0ff24027894ca0f2ad65f1bd,inc/Minuit2/FCNGradientBase.h,HasGradient,20,src/fcn.rs,has_gradient,32,needs-review,multiple Rust symbol candidates
root-project/root,math/minuit2,v6-36-08,a8ca1b23e38d7dbe0ff24027894ca0f2ad65f1bd,inc/Minuit2/FunctionGradient.h,HasG2,46,src/minimum/gradient.rs,g2,51,implemented,symbol name match
root-project/root,math/minuit2,v6-36-08,a8ca1b23e38d7dbe0ff24027894ca0f2ad65f1bd,inc/Minuit2/FunctionGradient.h,IsAnalytical,45,src/minimum/gradient.rs,analytical,36,needs-review,multiple Rust symbol candidates
root-project/root,math/minuit2,v6-36-08,a8ca1b23e38d7dbe0ff24027894ca0f2ad65f1bd,inc/Minuit2/FunctionGradient.h,IsValid,44,src/minimum/gradient.rs,is_valid,59,implemented,symbol name match
root-project/root,math/minuit2,v6-36-08,a8ca1b23e38d7dbe0ff24027894ca0f2ad65f1bd,inc/Minuit2/FunctionMinimizer.h,<no_symbol_extracted>,,src/migrad/minimizer.rs;src/simplex/minimizer.rs,,,needs-review,source unavailable: inc/Minuit2/FunctionMinimizer.h: failed to download https://raw.githubusercontent.com/root-project/root/a8ca1b23e38d7dbe0ff24027894ca0f2ad65f1bd/math/minuit2/inc/Minuit2/FunctionMinimizer.h: 404
root-project/root,math/minuit2,v6-36-08,a8ca1b23e38d7dbe0ff24027894ca0f2ad65f1bd,inc/Minuit2/FunctionMinimum.h,Add,55,src/user_parameter_state.rs,add,127,implemented,symbol name match
root-project/root,math/minuit2,v6-36-08,a8ca1b23e38d7dbe0ff24027894ca0f2ad65f1bd,inc/Minuit2/FunctionMinimum.h,Edm,84,src/minimum/mod.rs,edm,196,needs-review,multiple Rust symbol candidates
root-project/root,math/minuit2,v6-36-08,a8ca1b23e38d7dbe0ff24027894ca0f2ad65f1bd,inc/Minuit2/FunctionMinimum.h,Fval,83,src/minimum/mod.rs,fval,191,needs-review,multiple Rust symbol candidates
root-project/root,math/minuit2,v6-36-08,a8ca1b23e38d7dbe0ff24027894ca0f2ad65f1bd,inc/Minuit2/FunctionMinimum.h,HasAccurateCovar,91,src/minimum/error.rs,is_accurate,92,implemented,symbol name match
root-project/root,math/minuit2,v6-36-08,a8ca1b23e38d7dbe0ff24027894ca0f2ad65f1bd,inc/Minuit2/FunctionMinimum.h,HasCovariance,95,src/user_parameter_state.rs,has_covariance,83,needs-review,multiple Rust symbol candidates
root-project/root,math/minuit2,v6-36-08,a8ca1b23e38d7dbe0ff24027894ca0f2ad65f1bd,inc/Minuit2/FunctionMinimum.h,HasMadePosDefCovar,93,src/minimum/mod.rs,has_made_pos_def_covar,219,implemented,symbol name match
root-project/root,math/minuit2,v6-36-08,a8ca1b23e38d7dbe0ff24027894ca0f2ad65f1bd,inc/Minuit2/FunctionMinimum.h,HasPosDefCovar,92,src/minimum/error.rs,is_pos_def,96,implemented,symbol name match
root-project/root,math/minuit2,v6-36-08,a8ca1b23e38d7dbe0ff24027894ca0f2ad65f1bd,inc/Minuit2/FunctionMinimum.h,HasReachedCallLimit,97,src/minimum/error.rs,has_reached_call_limit,116,needs-review,multiple Rust symbol candidates
root-project/root,math/minuit2,v6-36-08,a8ca1b23e38d7dbe0ff24027894ca0f2ad65f1bd,inc/Minuit2/FunctionMinimum.h,HasValidCovariance,90,src/user_parameter_state.rs,has_covariance,83,implemented,symbol name match
root-project/root,math/minuit2,v6-36-08,a8ca1b23e38d7dbe0ff24027894ca0f2ad65f1bd,inc/Minuit2/FunctionMinimum.h,HasValidParameters,89,src/minimum/mod.rs,has_valid_parameters,215,implemented,symbol name match
root-project/root,math/minuit2,v6-36-08,a8ca1b23e38d7dbe0ff24027894ca0f2ad65f1bd,inc/Minuit2/FunctionMinimum.h,HesseFailed,94,src/minimum/error.rs,hesse_failed,101,implemented,symbol name match
root-project/root,math/minuit2,v6-36-08,a8ca1b23e38d7dbe0ff24027894ca0f2ad65f1bd,inc/Minuit2/FunctionMinimum.h,IsAboveMaxEdm,96,src/minimum/mod.rs,above_max_edm,59,needs-review,multiple Rust symbol candidates
root-project/root,math/minuit2,v6-36-08,a8ca1b23e38d7dbe0ff24027894ca0f2ad65f1bd,inc/Minuit2/FunctionMinimum.h,IsValid,88,src/minimum/error.rs,is_valid,88,needs-review,multiple Rust symbol candidates
root-project/root,math/minuit2,v6-36-08,a8ca1b23e38d7dbe0ff24027894ca0f2ad65f1bd,inc/Minuit2/FunctionMinimum.h,NFcn,85,src/minimum/mod.rs,nfcn,201,needs-review,multiple Rust symbol candidates
root-project/root,math/minuit2,v6-36-08,a8ca1b23e38d7dbe0ff24027894ca0f2ad65f1bd,inc/Minuit2/FunctionMinimum.h,SetErrorDef,99,src/minimum/mod.rs,set_error_def,243,implemented,symbol name match
root-project/root,math/minuit2,v6-36-08,a8ca1b23e38d7dbe0ff24027894ca0f2ad65f1bd,inc/Minuit2/FunctionMinimum.h,Up,87,src/minimum/mod.rs,up,206,implemented,symbol name match
root-project/root,math/minuit2,v6-36-08,a8ca1b23e38d7dbe0ff24027894ca0f2ad65f1bd,inc/Minuit2/GradientCalculator.h,G2,30,,,,needs-review,architectural refactor; no 1:1 symbol match
root-project/root,math/minuit2,v6-36-08,a8ca1b23e38d7dbe0ff24027894ca0f2ad65f1bd,inc/Minuit2/GradientCalculator.h,Hessian,28,,,,needs-review,architectural refactor; no 1:1 symbol match
root-project/root,math/minuit2,v6-36-08,a8ca1b23e38d7dbe0ff24027894ca0f2ad65f1bd,inc/Minuit2/GradientCalculator.h,operator(),24,,,,intentionally-skipped,constructor/destructor/operator handled idiomatically in Rust
root-project/root,math/minuit2,v6-36-08,a8ca1b23e38d7dbe0ff24027894ca0f2ad65f1bd,inc/Minuit2/GradientCalculator.h,operator(),26,,,,intentionally-skipped,constructor/destructor/operator handled idiomatically in Rust
root-project/root,math/minuit2,v6-36-08,a8ca1b23e38d7dbe0ff24027894ca0f2ad65f1bd,inc/Minuit2/HessianGradientCalculator.h,Ncycle,44,src/hesse/gradient.rs,ncycle,19,implemented,symbol name match
root-project/root,math/minuit2,v6-36-08,a8ca1b23e38d7dbe0ff24027894ca0f2ad65f1bd,inc/Minuit2/HessianGradientCalculator.h,operator(),32,,,,intentionally-skipped,constructor/destructor/operator handled idiomatically in Rust
root-project/root,math/minuit2,v6-36-08,a8ca1b23e38d7dbe0ff24027894ca0f2ad65f1bd,inc/Minuit2/HessianGradientCalculator.h,operator(),34,,,,intentionally-skipped,constructor/destructor/operator handled idiomatically in Rust
root-project/root,math/minuit2,v6-36-08,a8ca1b23e38d7dbe0ff24027894ca0f2ad65f1bd,inc/Minuit2/InitialGradientCalculator.h,operator(),25,src/gradient/initial.rs,new,23,intentionally-skipped,constructor/destructor/operator handled idiomatically in Rust
root-project/root,math/minuit2,v6-36-08,a8ca1b23e38d7dbe0ff24027894ca0f2ad65f1bd,inc/Minuit2/InitialGradientCalculator.h,operator(),27,src/gradient/initial.rs,new,23,intentionally-skipped,constructor/destructor/operator handled idiomatically in Rust
root-project/root,math/minuit2,v6-36-08,a8ca1b23e38d7dbe0ff24027894ca0f2ad65f1bd,inc/Minuit2/MinimumBuilder.h,Minimum,30,src/migrad/builder.rs,minimum,27,needs-review,multiple Rust symbol candidates
root-project/root,math/minuit2,v6-36-08,a8ca1b23e38d7dbe0ff24027894ca0f2ad65f1bd,inc/Minuit2/MinimumBuilder.h,MinimumBuilder,26,src/minimize/mod.rs,new,28,needs-review,multiple Rust symbol candidates
root-project/root,math/minuit2,v6-36-08,a8ca1b23e38d7dbe0ff24027894ca0f2ad65f1bd,inc/Minuit2/MinimumBuilder.h,PrintLevel,34,,,,needs-review,architectural refactor; no 1:1 symbol match
root-project/root,math/minuit2,v6-36-08,a8ca1b23e38d7dbe0ff24027894ca0f2ad65f1bd,inc/Minuit2/MinimumBuilder.h,SetPrintLevel,39,,,,needs-review,architectural refactor; no 1:1 symbol match
root-project/root,math/minuit2,v6-36-08,a8ca1b23e38d7dbe0ff24027894ca0f2ad65f1bd,inc/Minuit2/MinimumBuilder.h,SetStorageLevel,40,,,,needs-review,architectural refactor; no 1:1 symbol match
root-project/root,math/minuit2,v6-36-08,a8ca1b23e38d7dbe0ff24027894ca0f2ad65f1bd,inc/Minuit2/MinimumBuilder.h,SetTraceObject,43,,,,needs-review,architectural refactor; no 1:1 symbol match
root-project/root,math/minuit2,v6-36-08,a8ca1b23e38d7dbe0ff24027894ca0f2ad65f1bd,inc/Minuit2/MinimumBuilder.h,StorageLevel,33,,,,needs-review,architectural refactor; no 1:1 symbol match
root-project/root,math/minuit2,v6-36-08,a8ca1b23e38d7dbe0ff24027894ca0f2ad65f1bd,inc/Minuit2/MinimumBuilder.h,TraceIter,36,,,,needs-review,architectural refactor; no 1:1 symbol match
root-project/root,math/minuit2,v6-36-08,a8ca1b23e38d7dbe0ff24027894ca0f2ad65f1bd,inc/Minuit2/MinimumBuilder.h,TraceIteration,45,,,,needs-review,architectural refactor; no 1:1 symbol match
root-project/root,math/minuit2,v6-36-08,a8ca1b23e38d7dbe0ff24027894ca0f2ad65f1bd,inc/Minuit2/MinimumError.h,Dcovar,72,src/minimum/error.rs,dcovar,75,implemented,symbol name match
root-project/root,math/minuit2,v6-36-08,a8ca1b23e38d7dbe0ff24027894ca0f2ad65f1bd,inc/Minuit2/MinimumError.h,GetStatus,73,src/minimum/error.rs,status,80,implemented,symbol name match
root-project/root,math/minuit2,v6-36-08,a8ca1b23e38d7dbe0ff24027894ca0f2ad65f1bd,inc/Minuit2/MinimumError.h,HasReachedCallLimit,83,src/minimum/error.rs,has_reached_call_limit,116,implemented,symbol name match
root-project/root,math/minuit2,v6-36-08,a8ca1b23e38d7dbe0ff24027894ca0f2ad65f1bd,inc/Minuit2/MinimumError.h,HesseFailed,81,src/minimum/error.rs,hesse_failed,101,implemented,symbol name match
root-project/root,math/minuit2,v6-36-08,a8ca1b23e38d7dbe0ff24027894ca0f2ad65f1bd,inc/Minuit2/MinimumError.h,Hessian,47,src/minimum/error.rs,hessian,154,implemented,symbol name match
root-project/root,math/minuit2,v6-36-08,a8ca1b23e38d7dbe0ff24027894ca0f2ad65f1bd,inc/Minuit2/MinimumError.h,InvertFailed,82,src/minimum/error.rs,invert_failed,112,implemented,symbol name match
root-project/root,math/minuit2,v6-36-08,a8ca1b23e38d7dbe0ff24027894ca0f2ad65f1bd,inc/Minuit2/MinimumError.h,InvertMatrix,67,src/minimum/error.rs,invert_matrix,159,implemented,symbol name match
root-project/root,math/minuit2,v6-36-08,a8ca1b23e38d7dbe0ff24027894ca0f2ad65f1bd,inc/Minuit2/MinimumError.h,InvertMatrix,54,src/minimum/error.rs,invert_matrix,159,implemented,symbol name match
root-project/root,math/minuit2,v6-36-08,a8ca1b23e38d7dbe0ff24027894ca0f2ad65f1bd,inc/Minuit2/MinimumError.h,IsAccurate,76,src/minimum/error.rs,is_accurate,92,implemented,symbol name match
root-project/root,math/minuit2,v6-36-08,a8ca1b23e38d7dbe0ff24027894ca0f2ad65f1bd,inc/Minuit2/MinimumError.h,IsAvailable,84,src/minimum/error.rs,is_available,127,implemented,symbol name match
root-project/root,math/minuit2,v6-36-08,a8ca1b23e38d7dbe0ff24027894ca0f2ad65f1bd,inc/Minuit2/MinimumError.h,IsMadePosDef,79,src/minimum/error.rs,is_made_pos_def,131,implemented,symbol name match
root-project/root,math/minuit2,v6-36-08,a8ca1b23e38d7dbe0ff24027894ca0f2ad65f1bd,inc/Minuit2/MinimumError.h,IsNotPosDef,80,src/minimum/error.rs,is_not_pos_def,135,implemented,symbol name match
root-project/root,math/minuit2,v6-36-08,a8ca1b23e38d7dbe0ff24027894ca0f2ad65f1bd,inc/Minuit2/MinimumError.h,IsPosDef,78,src/minimum/error.rs,is_pos_def,96,implemented,symbol name match
root-project/root,math/minuit2,v6-36-08,a8ca1b23e38d7dbe0ff24027894ca0f2ad65f1bd,inc/Minuit2/MinimumError.h,IsValid,75,src/minimum/error.rs,is_valid,88,implemented,symbol name match
root-project/root,math/minuit2,v6-36-08,a8ca1b23e38d7dbe0ff24027894ca0f2ad65f1bd,inc/Minuit2/MinimumError.h,Matrix,42,src/minimum/error.rs,matrix,71,implemented,symbol name match
root-project/root,math/minuit2,v6-36-08,a8ca1b23e38d7dbe0ff24027894ca0f2ad65f1bd,inc/Minuit2/MinimumError.h,print,59,src/minimum/error.rs,print,164,implemented,symbol name match
root-project/root,math/minuit2,v6-36-08,a8ca1b23e38d7dbe0ff24027894ca0f2ad65f1bd,inc/Minuit2/MinimumError.h,tmp,56,src/minimum/error.rs,tmp,176,implemented,symbol name match
root-project/root,math/minuit2,v6-36-08,a8ca1b23e38d7dbe0ff24027894ca0f2ad65f1bd,inc/Minuit2/MinimumErrorUpdator.h,Update,23,src/migrad/builder.rs,update,402,implemented,symbol name match
root-project/root,math/minuit2,v6-36-08,a8ca1b23e38d7dbe0ff24027894ca0f2ad65f1bd,inc/Minuit2/MinimumParameters.h,Fval,51,src/minimum/parameters.rs,fval,54,implemented,symbol name match
root-project/root,math/minuit2,v6-36-08,a8ca1b23e38d7dbe0ff24027894ca0f2ad65f1bd,inc/Minuit2/MinimumParameters.h,HasStepSize,53,src/minimum/parameters.rs,has_step_size,66,implemented,symbol name match
root-project/root,math/minuit2,v6-36-08,a8ca1b23e38d7dbe0ff24027894ca0f2ad65f1bd,inc/Minuit2/MinimumParameters.h,IsValid,52,src/minimum/parameters.rs,is_valid,58,implemented,symbol name match
root-project/root,math/minuit2,v6-36-08,a8ca1b23e38d7dbe0ff24027894ca0f2ad65f1bd,inc/Minuit2/MinimumSeed.h,Edm,32,src/minimum/seed.rs,edm,50,implemented,symbol name match
root-project/root,math/minuit2,v6-36-08,a8ca1b23e38d7dbe0ff24027894ca0f2ad65f1bd,inc/Minuit2/MinimumSeed.h,Fval,31,src/minimum/seed.rs,fval,46,implemented,symbol name match
root-project/root,math/minuit2,v6-36-08,a8ca1b23e38d7dbe0ff24027894ca0f2ad65f1bd,inc/Minuit2/MinimumSeed.h,IsValid,34,src/minimum/seed.rs,is_valid,62,implemented,symbol name match
root-project/root,math/minuit2,v6-36-08,a8ca1b23e38d7dbe0ff24027894ca0f2ad65f1bd,inc/Minuit2/MinimumSeed.h,NFcn,33,src/minimum/seed.rs,nfcn,54,implemented,symbol name match
root-project/root,math/minuit2,v6-36-08,a8ca1b23e38d7dbe0ff24027894ca0f2ad65f1bd,inc/Minuit2/MinimumSeedGenerator.h,operator(),23,,,,intentionally-skipped,constructor/destructor/operator handled idiomatically in Rust
root-project/root,math/minuit2,v6-36-08,a8ca1b23e38d7dbe0ff24027894ca0f2ad65f1bd,inc/Minuit2/MinimumState.h,Edm,58,src/minimum/state.rs,edm,72,implemented,symbol name match
root-project/root,math/minuit2,v6-36-08,a8ca1b23e38d7dbe0ff24027894ca0f2ad65f1bd,inc/Minuit2/MinimumState.h,Fval,57,src/minimum/state.rs,fval,68,implemented,symbol name match
root-project/root,math/minuit2,v6-36-08,a8ca1b23e38d7dbe0ff24027894ca0f2ad65f1bd,inc/Minuit2/MinimumState.h,HasCovariance,72,src/minimum/state.rs,has_covariance,88,implemented,symbol name match
root-project/root,math/minuit2,v6-36-08,a8ca1b23e38d7dbe0ff24027894ca0f2ad65f1bd,inc/Minuit2/MinimumState.h,HasParameters,71,src/minimum/state.rs,parameters,54,needs-review,multiple Rust symbol candidates
root-project/root,math/minuit2,v6-36-08,a8ca1b23e38d7dbe0ff24027894ca0f2ad65f1bd,inc/Minuit2/MinimumState.h,IsValid,61,src/minimum/state.rs,is_valid,80,implemented,symbol name match
root-project/root,math/minuit2,v6-36-08,a8ca1b23e38d7dbe0ff24027894ca0f2ad65f1bd,inc/Minuit2/MinimumState.h,NFcn,59,src/minimum/state.rs,nfcn,76,implemented,symbol name match
root-project/root,math/minuit2,v6-36-08,a8ca1b23e38d7dbe0ff24027894ca0f2ad65f1bd,inc/Minuit2/MinimumState.h,size,53,src/minimum/state.rs,size,92,implemented,symbol name match
root-project/root,math/minuit2,v6-36-08,a8ca1b23e38d7dbe0ff24027894ca0f2ad65f1bd,inc/Minuit2/MinosError.h,AtLowerLimit,83,src/minos/minos_error.rs,at_lower_limit,82,implemented,symbol name match
root-project/root,math/minuit2,v6-36-08,a8ca1b23e38d7dbe0ff24027894ca0f2ad65f1bd,inc/Minuit2/MinosError.h,AtLowerMaxFcn,85,src/minos/minos_error.rs,at_lower_max_fcn,91,implemented,symbol name match
root-project/root,math/minuit2,v6-36-08,a8ca1b23e38d7dbe0ff24027894ca0f2ad65f1bd,inc/Minuit2/MinosError.h,AtUpperLimit,84,src/minos/minos_error.rs,at_upper_limit,87,implemented,symbol name match
root-project/root,math/minuit2,v6-36-08,a8ca1b23e38d7dbe0ff24027894ca0f2ad65f1bd,inc/Minuit2/MinosError.h,AtUpperMaxFcn,86,src/minos/minos_error.rs,at_upper_max_fcn,95,implemented,symbol name match
root-project/root,math/minuit2,v6-36-08,a8ca1b23e38d7dbe0ff24027894ca0f2ad65f1bd,inc/Minuit2/MinosError.h,IsValid,80,src/minos/minos_error.rs,is_valid,69,implemented,symbol name match
root-project/root,math/minuit2,v6-36-08,a8ca1b23e38d7dbe0ff24027894ca0f2ad65f1bd,inc/Minuit2/MinosError.h,Lower,46,src/minos/minos_error.rs,lower,60,implemented,symbol name match
root-project/root,math/minuit2,v6-36-08,a8ca1b23e38d7dbe0ff24027894ca0f2ad65f1bd,inc/Minuit2/MinosError.h,LowerNewMin,87,src/minos/minos_error.rs,lower_new_min,99,implemented,symbol name match
root-project/root,math/minuit2,v6-36-08,a8ca1b23e38d7dbe0ff24027894ca0f2ad65f1bd,inc/Minuit2/MinosError.h,LowerValid,81,src/minos/minos_error.rs,lower_valid,73,implemented,symbol name match
root-project/root,math/minuit2,v6-36-08,a8ca1b23e38d7dbe0ff24027894ca0f2ad65f1bd,inc/Minuit2/MinosError.h,Min,91,src/minos/minos_error.rs,min,112,implemented,symbol name match
root-project/root,math/minuit2,v6-36-08,a8ca1b23e38d7dbe0ff24027894ca0f2ad65f1bd,inc/Minuit2/MinosError.h,NFcn,89,src/minos/minos_error.rs,nfcn,107,implemented,symbol name match
root-project/root,math/minuit2,v6-36-08,a8ca1b23e38d7dbe0ff24027894ca0f2ad65f1bd,inc/Minuit2/MinosError.h,Parameter,77,src/minos/minos_error.rs,parameter,56,implemented,symbol name match
root-project/root,math/minuit2,v6-36-08,a8ca1b23e38d7dbe0ff24027894ca0f2ad65f1bd,inc/Minuit2/MinosError.h,Upper,62,src/minos/minos_error.rs,upper,64,implemented,symbol name match
root-project/root,math/minuit2,v6-36-08,a8ca1b23e38d7dbe0ff24027894ca0f2ad65f1bd,inc/Minuit2/MinosError.h,UpperNewMin,88,src/minos/minos_error.rs,upper_new_min,103,implemented,symbol name match
root-project/root,math/minuit2,v6-36-08,a8ca1b23e38d7dbe0ff24027894ca0f2ad65f1bd,inc/Minuit2/MinosError.h,UpperValid,82,src/minos/minos_error.rs,upper_valid,77,implemented,symbol name match
root-project/root,math/minuit2,v6-36-08,a8ca1b23e38d7dbe0ff24027894ca0f2ad65f1bd,inc/Minuit2/MinuitParameter.h,Error,89,src/parameter.rs,error,135,implemented,symbol name match
root-project/root,math/minuit2,v6-36-08,a8ca1b23e38d7dbe0ff24027894ca0f2ad65f1bd,inc/Minuit2/MinuitParameter.h,Fix,139,src/parameter.rs,fix,194,implemented,symbol name match
root-project/root,math/minuit2,v6-36-08,a8ca1b23e38d7dbe0ff24027894ca0f2ad65f1bd,inc/Minuit2/MinuitParameter.h,HasLimits,146,src/parameter.rs,has_limits,180,implemented,symbol name match
root-project/root,math/minuit2,v6-36-08,a8ca1b23e38d7dbe0ff24027894ca0f2ad65f1bd,inc/Minuit2/MinuitParameter.h,HasLowerLimit,147,src/parameter.rs,has_lower_limit,172,needs-review,multiple Rust symbol candidates
root-project/root,math/minuit2,v6-36-08,a8ca1b23e38d7dbe0ff24027894ca0f2ad65f1bd,inc/Minuit2/MinuitParameter.h,HasUpperLimit,148,src/parameter.rs,has_upper_limit,176,needs-review,multiple Rust symbol candidates
root-project/root,math/minuit2,v6-36-08,a8ca1b23e38d7dbe0ff24027894ca0f2ad65f1bd,inc/Minuit2/MinuitParameter.h,IsConst,143,src/parameter.rs,is_const,208,implemented,symbol name match
root-project/root,math/minuit2,v6-36-08,a8ca1b23e38d7dbe0ff24027894ca0f2ad65f1bd,inc/Minuit2/MinuitParameter.h,IsFixed,144,src/parameter.rs,is_fixed,204,implemented,symbol name match
root-project/root,math/minuit2,v6-36-08,a8ca1b23e38d7dbe0ff24027894ca0f2ad65f1bd,inc/Minuit2/MinuitParameter.h,LowerLimit,149,src/parameter.rs,lower_limit,184,implemented,symbol name match
root-project/root,math/minuit2,v6-36-08,a8ca1b23e38d7dbe0ff24027894ca0f2ad65f1bd,inc/Minuit2/MinuitParameter.h,Number,82,src/parameter.rs,number,119,implemented,symbol name match
root-project/root,math/minuit2,v6-36-08,a8ca1b23e38d7dbe0ff24027894ca0f2ad65f1bd,inc/Minuit2/MinuitParameter.h,Release,140,src/parameter.rs,release,198,implemented,symbol name match
root-project/root,math/minuit2,v6-36-08,a8ca1b23e38d7dbe0ff24027894ca0f2ad65f1bd,inc/Minuit2/MinuitParameter.h,RemoveLimits,131,src/parameter.rs,remove_limits,167,implemented,symbol name match
root-project/root,math/minuit2,v6-36-08,a8ca1b23e38d7dbe0ff24027894ca0f2ad65f1bd,inc/Minuit2/MinuitParameter.h,SetError,101,src/parameter.rs,set_error,143,implemented,symbol name match
root-project/root,math/minuit2,v6-36-08,a8ca1b23e38d7dbe0ff24027894ca0f2ad65f1bd,inc/Minuit2/MinuitParameter.h,SetLimits,102,src/parameter.rs,set_limits,149,implemented,symbol name match
root-project/root,math/minuit2,v6-36-08,a8ca1b23e38d7dbe0ff24027894ca0f2ad65f1bd,inc/Minuit2/MinuitParameter.h,SetLowerLimit,123,src/parameter.rs,set_lower_limit,157,implemented,symbol name match
root-project/root,math/minuit2,v6-36-08,a8ca1b23e38d7dbe0ff24027894ca0f2ad65f1bd,inc/Minuit2/MinuitParameter.h,SetName,92,src/parameter.rs,set_name,127,implemented,symbol name match
root-project/root,math/minuit2,v6-36-08,a8ca1b23e38d7dbe0ff24027894ca0f2ad65f1bd,inc/Minuit2/MinuitParameter.h,SetUpperLimit,115,src/parameter.rs,set_upper_limit,162,implemented,symbol name match
root-project/root,math/minuit2,v6-36-08,a8ca1b23e38d7dbe0ff24027894ca0f2ad65f1bd,inc/Minuit2/MinuitParameter.h,SetValue,94,src/parameter.rs,set_value,139,implemented,symbol name match
root-project/root,math/minuit2,v6-36-08,a8ca1b23e38d7dbe0ff24027894ca0f2ad65f1bd,inc/Minuit2/MinuitParameter.h,UpperLimit,150,src/parameter.rs,upper_limit,188,implemented,symbol name match
root-project/root,math/minuit2,v6-36-08,a8ca1b23e38d7dbe0ff24027894ca0f2ad65f1bd,inc/Minuit2/MinuitParameter.h,Value,88,src/parameter.rs,value,131,implemented,symbol name match
root-project/root,math/minuit2,v6-36-08,a8ca1b23e38d7dbe0ff24027894ca0f2ad65f1bd,inc/Minuit2/MnApplication.h,Add,73,,,,needs-review,architectural refactor; no 1:1 symbol match
root-project/root,math/minuit2,v6-36-08,a8ca1b23e38d7dbe0ff24027894ca0f2ad65f1bd,inc/Minuit2/MnApplication.h,Add,69,,,,needs-review,architectural refactor; no 1:1 symbol match
root-project/root,math/minuit2,v6-36-08,a8ca1b23e38d7dbe0ff24027894ca0f2ad65f1bd,inc/Minuit2/MnApplication.h,Add,71,,,,needs-review,architectural refactor; no 1:1 symbol match
root-project/root,math/minuit2,v6-36-08,a8ca1b23e38d7dbe0ff24027894ca0f2ad65f1bd,inc/Minuit2/MnApplication.h,Error,84,,,,needs-review,architectural refactor; no 1:1 symbol match
root-project/root,math/minuit2,v6-36-08,a8ca1b23e38d7dbe0ff24027894ca0f2ad65f1bd,inc/Minuit2/MnApplication.h,Errors,63,,,,needs-review,architectural refactor; no 1:1 symbol match
root-project/root,math/minuit2,v6-36-08,a8ca1b23e38d7dbe0ff24027894ca0f2ad65f1bd,inc/Minuit2/MnApplication.h,Ext2int,105,,,,needs-review,architectural refactor; no 1:1 symbol match
root-project/root,math/minuit2,v6-36-08,a8ca1b23e38d7dbe0ff24027894ca0f2ad65f1bd,inc/Minuit2/MnApplication.h,ExtOfInt,107,,,,needs-review,architectural refactor; no 1:1 symbol match
root-project/root,math/minuit2,v6-36-08,a8ca1b23e38d7dbe0ff24027894ca0f2ad65f1bd,inc/Minuit2/MnApplication.h,Fix,76,,,,needs-review,architectural refactor; no 1:1 symbol match
root-project/root,math/minuit2,v6-36-08,a8ca1b23e38d7dbe0ff24027894ca0f2ad65f1bd,inc/Minuit2/MnApplication.h,Index,99,,,,needs-review,architectural refactor; no 1:1 symbol match
root-project/root,math/minuit2,v6-36-08,a8ca1b23e38d7dbe0ff24027894ca0f2ad65f1bd,inc/Minuit2/MnApplication.h,Int2ext,104,,,,needs-review,architectural refactor; no 1:1 symbol match
root-project/root,math/minuit2,v6-36-08,a8ca1b23e38d7dbe0ff24027894ca0f2ad65f1bd,inc/Minuit2/MnApplication.h,IntOfExt,106,,,,needs-review,architectural refactor; no 1:1 symbol match
root-project/root,math/minuit2,v6-36-08,a8ca1b23e38d7dbe0ff24027894ca0f2ad65f1bd,inc/Minuit2/MnApplication.h,MnApplication,31,,,,intentionally-skipped,constructor/destructor/operator handled idiomatically in Rust
root-project/root,math/minuit2,v6-36-08,a8ca1b23e38d7dbe0ff24027894ca0f2ad65f1bd,inc/Minuit2/MnApplication.h,NumOfCalls,47,,,,needs-review,architectural refactor; no 1:1 symbol match
root-project/root,math/minuit2,v6-36-08,a8ca1b23e38d7dbe0ff24027894ca0f2ad65f1bd,inc/Minuit2/MnApplication.h,operator(),36,,,,intentionally-skipped,constructor/destructor/operator handled idiomatically in Rust
root-project/root,math/minuit2,v6-36-08,a8ca1b23e38d7dbe0ff24027894ca0f2ad65f1bd,inc/Minuit2/MnApplication.h,Params,62,,,,needs-review,architectural refactor; no 1:1 symbol match
root-project/root,math/minuit2,v6-36-08,a8ca1b23e38d7dbe0ff24027894ca0f2ad65f1bd,inc/Minuit2/MnApplication.h,Release,77,,,,needs-review,architectural refactor; no 1:1 symbol match
root-project/root,math/minuit2,v6-36-08,a8ca1b23e38d7dbe0ff24027894ca0f2ad65f1bd,inc/Minuit2/MnApplication.h,RemoveLimits,81,,,,needs-review,architectural refactor; no 1:1 symbol match
root-project/root,math/minuit2,v6-36-08,a8ca1b23e38d7dbe0ff24027894ca0f2ad65f1bd,inc/Minuit2/MnApplication.h,SetError,79,,,,needs-review,architectural refactor; no 1:1 symbol match
root-project/root,math/minuit2,v6-36-08,a8ca1b23e38d7dbe0ff24027894ca0f2ad65f1bd,inc/Minuit2/MnApplication.h,SetLimits,80,,,,needs-review,architectural refactor; no 1:1 symbol match
root-project/root,math/minuit2,v6-36-08,a8ca1b23e38d7dbe0ff24027894ca0f2ad65f1bd,inc/Minuit2/MnApplication.h,SetPrecision,93,,,,needs-review,architectural refactor; no 1:1 symbol match
root-project/root,math/minuit2,v6-36-08,a8ca1b23e38d7dbe0ff24027894ca0f2ad65f1bd,inc/Minuit2/MnApplication.h,SetValue,78,,,,needs-review,architectural refactor; no 1:1 symbol match
root-project/root,math/minuit2,v6-36-08,a8ca1b23e38d7dbe0ff24027894ca0f2ad65f1bd,inc/Minuit2/MnApplication.h,Value,83,,,,needs-review,architectural refactor; no 1:1 symbol match
root-project/root,math/minuit2,v6-36-08,a8ca1b23e38d7dbe0ff24027894ca0f2ad65f1bd,inc/Minuit2/MnApplication.h,VariableParameters,108,,,,needs-review,architectural refactor; no 1:1 symbol match
root-project/root,math/minuit2,v6-36-08,a8ca1b23e38d7dbe0ff24027894ca0f2ad65f1bd,inc/Minuit2/MnConfig.h,<no_symbol_extracted>,,src/precision.rs;src/strategy.rs,,,needs-review,unable to extract symbols with heuristic parser
root-project/root,math/minuit2,v6-36-08,a8ca1b23e38d7dbe0ff24027894ca0f2ad65f1bd,inc/Minuit2/MnContours.h,Contour,50,src/contours/mod.rs,contour,175,implemented,symbol name match
root-project/root,math/minuit2,v6-36-08,a8ca1b23e38d7dbe0ff24027894ca0f2ad65f1bd,inc/Minuit2/MnCovarianceSqueeze.h,operator(),21,,,,intentionally-skipped,constructor/destructor/operator handled idiomatically in Rust
root-project/root,math/minuit2,v6-36-08,a8ca1b23e38d7dbe0ff24027894ca0f2ad65f1bd,inc/Minuit2/MnCross.h,AtLimit,86,src/minos/cross.rs,at_limit,112,implemented,symbol name match
root-project/root,math/minuit2,v6-36-08,a8ca1b23e38d7dbe0ff24027894ca0f2ad65f1bd,inc/Minuit2/MnCross.h,AtMaxFcn,87,src/minos/cross.rs,at_max_fcn,116,implemented,symbol name match
root-project/root,math/minuit2,v6-36-08,a8ca1b23e38d7dbe0ff24027894ca0f2ad65f1bd,inc/Minuit2/MnCross.h,IsValid,85,src/minos/cross.rs,valid,29,needs-review,multiple Rust symbol candidates
root-project/root,math/minuit2,v6-36-08,a8ca1b23e38d7dbe0ff24027894ca0f2ad65f1bd,inc/Minuit2/MnCross.h,NewMinimum,88,src/minos/cross.rs,new_minimum,121,implemented,symbol name match
root-project/root,math/minuit2,v6-36-08,a8ca1b23e38d7dbe0ff24027894ca0f2ad65f1bd,inc/Minuit2/MnCross.h,NFcn,89,src/minos/cross.rs,nfcn,102,implemented,symbol name match
root-project/root,math/minuit2,v6-36-08,a8ca1b23e38d7dbe0ff24027894ca0f2ad65f1bd,inc/Minuit2/MnCross.h,Value,83,src/minos/cross.rs,value,94,implemented,symbol name match
root-project/root,math/minuit2,v6-36-08,a8ca1b23e38d7dbe0ff24027894ca0f2ad65f1bd,inc/Minuit2/MnEigen.h,operator(),23,,,,intentionally-skipped,constructor/destructor/operator handled idiomatically in Rust
root-project/root,math/minuit2,v6-36-08,a8ca1b23e38d7dbe0ff24027894ca0f2ad65f1bd,inc/Minuit2/MnFcn.h,CallWithoutDoingTrafo,50,src/mn_fcn.rs,call_without_doing_trafo,44,implemented,symbol name match
root-project/root,math/minuit2,v6-36-08,a8ca1b23e38d7dbe0ff24027894ca0f2ad65f1bd,inc/Minuit2/MnFcn.h,CallWithTransformedParams,49,src/mn_fcn.rs,call_with_transformed_params,38,implemented,symbol name match
root-project/root,math/minuit2,v6-36-08,a8ca1b23e38d7dbe0ff24027894ca0f2ad65f1bd,inc/Minuit2/MnFcn.h,ErrorDef,33,src/mn_fcn.rs,error_def,54,implemented,symbol name match
root-project/root,math/minuit2,v6-36-08,a8ca1b23e38d7dbe0ff24027894ca0f2ad65f1bd,inc/Minuit2/MnFcn.h,NumOfCalls,31,src/mn_fcn.rs,num_of_calls,49,implemented,symbol name match
root-project/root,math/minuit2,v6-36-08,a8ca1b23e38d7dbe0ff24027894ca0f2ad65f1bd,inc/Minuit2/MnFcn.h,operator(),63,src/mn_fcn.rs,call,31,implemented,symbol name match
root-project/root,math/minuit2,v6-36-08,a8ca1b23e38d7dbe0ff24027894ca0f2ad65f1bd,inc/Minuit2/MnFcn.h,Up,38,src/mn_fcn.rs,up,59,implemented,symbol name match
root-project/root,math/minuit2,v6-36-08,a8ca1b23e38d7dbe0ff24027894ca0f2ad65f1bd,inc/Minuit2/MnFunctionCross.h;src/MnFunctionCross.cxx,<no_symbol_extracted>,,src/minos/function_cross.rs,,,needs-review,unable to extract symbols with heuristic parser
root-project/root,math/minuit2,v6-36-08,a8ca1b23e38d7dbe0ff24027894ca0f2ad65f1bd,inc/Minuit2/MnGlobalCorrelationCoeff.h,IsValid,28,src/global_cc.rs,is_valid,41,implemented,symbol name match
root-project/root,math/minuit2,v6-36-08,a8ca1b23e38d7dbe0ff24027894ca0f2ad65f1bd,inc/Minuit2/MnGlobalCorrelationCoeff.h,MnGlobalCorrelationCoeff,24,,,,intentionally-skipped,constructor/destructor/operator handled idiomatically in Rust
root-project/root,math/minuit2,v6-36-08,a8ca1b23e38d7dbe0ff24027894ca0f2ad65f1bd,inc/Minuit2/MnHesse.h,Ncycles,60,src/hesse/mod.rs,ncycles,46,implemented,symbol name match
root-project/root,math/minuit2,v6-36-08,a8ca1b23e38d7dbe0ff24027894ca0f2ad65f1bd,inc/Minuit2/MnHesse.h,operator(),46,src/hesse/mod.rs,new,27,intentionally-skipped,constructor/destructor/operator handled idiomatically in Rust
root-project/root,math/minuit2,v6-36-08,a8ca1b23e38d7dbe0ff24027894ca0f2ad65f1bd,inc/Minuit2/MnHesse.h,operator(),56,src/hesse/mod.rs,new,27,intentionally-skipped,constructor/destructor/operator handled idiomatically in Rust
root-project/root,math/minuit2,v6-36-08,a8ca1b23e38d7dbe0ff24027894ca0f2ad65f1bd,inc/Minuit2/MnHesse.h,TolerG2,62,src/hesse/mod.rs,toler_g2,54,implemented,symbol name match
root-project/root,math/minuit2,v6-36-08,a8ca1b23e38d7dbe0ff24027894ca0f2ad65f1bd,inc/Minuit2/MnHesse.h,Tolerstp,61,src/hesse/mod.rs,tolerstp,50,implemented,symbol name match
root-project/root,math/minuit2,v6-36-08,a8ca1b23e38d7dbe0ff24027894ca0f2ad65f1bd,inc/Minuit2/MnLineSearch.h,BrentSearch,32,src/linesearch.rs,brent_search,185,implemented,symbol name match
root-project/root,math/minuit2,v6-36-08,a8ca1b23e38d7dbe0ff24027894ca0f2ad65f1bd,inc/Minuit2/MnLineSearch.h,CubicSearch,29,src/linesearch.rs,cubic_search,174,implemented,symbol name match
root-project/root,math/minuit2,v6-36-08,a8ca1b23e38d7dbe0ff24027894ca0f2ad65f1bd,src/MnLineSearch.cxx,DoEval,251,src/linesearch.rs,do_eval,169,implemented,symbol name match
root-project/root,math/minuit2,v6-36-08,a8ca1b23e38d7dbe0ff24027894ca0f2ad65f1bd,inc/Minuit2/MnLineSearch.h,operator(),25,,,,intentionally-skipped,constructor/destructor/operator handled idiomatically in Rust
root-project/root,math/minuit2,v6-36-08,a8ca1b23e38d7dbe0ff24027894ca0f2ad65f1bd,inc/Minuit2/MnMachinePrecision.h,ComputePrecision,37,src/precision.rs,compute_precision,37,implemented,symbol name match
root-project/root,math/minuit2,v6-36-08,a8ca1b23e38d7dbe0ff24027894ca0f2ad65f1bd,inc/Minuit2/MnMachinePrecision.h,Eps,23,src/precision.rs,eps,22,implemented,symbol name match
root-project/root,math/minuit2,v6-36-08,a8ca1b23e38d7dbe0ff24027894ca0f2ad65f1bd,inc/Minuit2/MnMachinePrecision.h,Eps2,26,src/precision.rs,eps2,27,implemented,symbol name match
root-project/root,math/minuit2,v6-36-08,a8ca1b23e38d7dbe0ff24027894ca0f2ad65f1bd,inc/Minuit2/MnMachinePrecision.h,MnMachinePrecision,20,src/precision.rs,new,13,needs-review,multiple Rust symbol candidates
root-project/root,math/minuit2,v6-36-08,a8ca1b23e38d7dbe0ff24027894ca0f2ad65f1bd,inc/Minuit2/MnMachinePrecision.h,SetPrecision,29,src/precision.rs,set_precision,32,implemented,symbol name match
root-project/root,math/minuit2,v6-36-08,a8ca1b23e38d7dbe0ff24027894ca0f2ad65f1bd,inc/Minuit2/MnMigrad.h,MnMigrad,33,src/migrad/mod.rs,new,29,needs-review,multiple Rust symbol candidates
root-project/root,math/minuit2,v6-36-08,a8ca1b23e38d7dbe0ff24027894ca0f2ad65f1bd,inc/Minuit2/MnMinimize.h,<no_symbol_extracted>,,src/minimize/mod.rs,,,needs-review,unable to extract symbols with heuristic parser
root-project/root,math/minuit2,v6-36-08,a8ca1b23e38d7dbe0ff24027894ca0f2ad65f1bd,inc/Minuit2/MnMinos.h,FindCrossValue,52,src/minos/mod.rs,find_cross_value,99,implemented,symbol name match
root-project/root,math/minuit2,v6-36-08,a8ca1b23e38d7dbe0ff24027894ca0f2ad65f1bd,inc/Minuit2/MnMinos.h,Loval,43,src/minos/mod.rs,loval,89,implemented,symbol name match
root-project/root,math/minuit2,v6-36-08,a8ca1b23e38d7dbe0ff24027894ca0f2ad65f1bd,inc/Minuit2/MnMinos.h,Lower,40,src/minos/mod.rs,lower,79,implemented,symbol name match
root-project/root,math/minuit2,v6-36-08,a8ca1b23e38d7dbe0ff24027894ca0f2ad65f1bd,inc/Minuit2/MnMinos.h,Minos,48,src/minos/mod.rs,minos,64,implemented,symbol name match
root-project/root,math/minuit2,v6-36-08,a8ca1b23e38d7dbe0ff24027894ca0f2ad65f1bd,inc/Minuit2/MnMinos.h,MnMinos,29,src/minos/mod.rs,new,29,implemented,symbol name match
root-project/root,math/minuit2,v6-36-08,a8ca1b23e38d7dbe0ff24027894ca0f2ad65f1bd,inc/Minuit2/MnMinos.h,Upper,41,src/minos/mod.rs,upper,84,implemented,symbol name match
root-project/root,math/minuit2,v6-36-08,a8ca1b23e38d7dbe0ff24027894ca0f2ad65f1bd,inc/Minuit2/MnMinos.h,Upval,44,src/minos/mod.rs,upval,94,implemented,symbol name match
root-project/root,math/minuit2,v6-36-08,a8ca1b23e38d7dbe0ff24027894ca0f2ad65f1bd,inc/Minuit2/MnParabola.h,A,50,src/parabola.rs,a,68,implemented,symbol name match
root-project/root,math/minuit2,v6-36-08,a8ca1b23e38d7dbe0ff24027894ca0f2ad65f1bd,inc/Minuit2/MnParabola.h,B,54,src/parabola.rs,b,73,implemented,symbol name match
root-project/root,math/minuit2,v6-36-08,a8ca1b23e38d7dbe0ff24027894ca0f2ad65f1bd,inc/Minuit2/MnParabola.h,C,58,src/parabola.rs,c,78,implemented,symbol name match
root-project/root,math/minuit2,v6-36-08,a8ca1b23e38d7dbe0ff24027894ca0f2ad65f1bd,inc/Minuit2/MnParabola.h,Min,42,src/parabola.rs,min,42,implemented,symbol name match
root-project/root,math/minuit2,v6-36-08,a8ca1b23e38d7dbe0ff24027894ca0f2ad65f1bd,inc/Minuit2/MnParabola.h,X_neg,38,src/parabola.rs,x_neg,63,implemented,symbol name match
root-project/root,math/minuit2,v6-36-08,a8ca1b23e38d7dbe0ff24027894ca0f2ad65f1bd,inc/Minuit2/MnParabola.h,X_pos,32,src/parabola.rs,x_pos,58,implemented,symbol name match
root-project/root,math/minuit2,v6-36-08,a8ca1b23e38d7dbe0ff24027894ca0f2ad65f1bd,inc/Minuit2/MnParabola.h,Y,26,src/parabola.rs,y,23,needs-review,multiple Rust symbol candidates
root-project/root,math/minuit2,v6-36-08,a8ca1b23e38d7dbe0ff24027894ca0f2ad65f1bd,inc/Minuit2/MnParabola.h,YMin,46,src/parabola.rs,y_min,47,implemented,symbol name match
root-project/root,math/minuit2,v6-36-08,a8ca1b23e38d7dbe0ff24027894ca0f2ad65f1bd,inc/Minuit2/MnParabolaFactory.h,operator(),18,src/parabola.rs,new,15,intentionally-skipped,constructor/destructor/operator handled idiomatically in Rust
root-project/root,math/minuit2,v6-36-08,a8ca1b23e38d7dbe0ff24027894ca0f2ad65f1bd,inc/Minuit2/MnParabolaPoint.h,X,24,src/parabola.rs,x,19,implemented,symbol name match
root-project/root,math/minuit2,v6-36-08,a8ca1b23e38d7dbe0ff24027894ca0f2ad65f1bd,inc/Minuit2/MnParabolaPoint.h,Y,28,src/parabola.rs,y,23,needs-review,multiple Rust symbol candidates
root-project/root,math/minuit2,v6-36-08,a8ca1b23e38d7dbe0ff24027894ca0f2ad65f1bd,inc/Minuit2/MnParameterScan.h,Fval,35,src/scan/mod.rs,fval,150,implemented,symbol name match
root-project/root,math/minuit2,v6-36-08,a8ca1b23e38d7dbe0ff24027894ca0f2ad65f1bd,inc/Minuit2/MnParameterScan.h,MnParameterScan,26,src/scan/mod.rs,new,20,needs-review,multiple Rust symbol candidates
root-project/root,math/minuit2,v6-36-08,a8ca1b23e38d7dbe0ff24027894ca0f2ad65f1bd,inc/Minuit2/MnParameterScan.h,MnParameterScan,28,src/scan/mod.rs,new,20,needs-review,multiple Rust symbol candidates
root-project/root,math/minuit2,v6-36-08,a8ca1b23e38d7dbe0ff24027894ca0f2ad65f1bd,inc/Minuit2/MnPosDef.h,operator(),20,,,,intentionally-skipped,constructor/destructor/operator handled idiomatically in Rust
root-project/root,math/minuit2,v6-36-08,a8ca1b23e38d7dbe0ff24027894ca0f2ad65f1bd,inc/Minuit2/MnPrint.h,AddFilter,95,,,,needs-review,architectural refactor; no 1:1 symbol match
root-project/root,math/minuit2,v6-36-08,a8ca1b23e38d7dbe0ff24027894ca0f2ad65f1bd,src/MnPrint.cxx,back,60,,,,needs-review,architectural refactor; no 1:1 symbol match
root-project/root,math/minuit2,v6-36-08,a8ca1b23e38d7dbe0ff24027894ca0f2ad65f1bd,src/MnPrint.cxx,begin,58,,,,needs-review,architectural refactor; no 1:1 symbol match
root-project/root,math/minuit2,v6-36-08,a8ca1b23e38d7dbe0ff24027894ca0f2ad65f1bd,inc/Minuit2/MnPrint.h,ClearFilter,96,,,,needs-review,architectural refactor; no 1:1 symbol match
root-project/root,math/minuit2,v6-36-08,a8ca1b23e38d7dbe0ff24027894ca0f2ad65f1bd,inc/Minuit2/MnPrint.h,Debug,123,,,,needs-review,architectural refactor; no 1:1 symbol match
root-project/root,math/minuit2,v6-36-08,a8ca1b23e38d7dbe0ff24027894ca0f2ad65f1bd,src/MnPrint.cxx,end,59,,,,needs-review,architectural refactor; no 1:1 symbol match
root-project/root,math/minuit2,v6-36-08,a8ca1b23e38d7dbe0ff24027894ca0f2ad65f1bd,inc/Minuit2/MnPrint.h,Error,105,,,,needs-review,architectural refactor; no 1:1 symbol match
root-project/root,math/minuit2,v6-36-08,a8ca1b23e38d7dbe0ff24027894ca0f2ad65f1bd,inc/Minuit2/MnPrint.h,GlobalLevel,90,,,,needs-review,architectural refactor; no 1:1 symbol match
root-project/root,math/minuit2,v6-36-08,a8ca1b23e38d7dbe0ff24027894ca0f2ad65f1bd,inc/Minuit2/MnPrint.h,HandleLambda,166,,,,needs-review,architectural refactor; no 1:1 symbol match
root-project/root,math/minuit2,v6-36-08,a8ca1b23e38d7dbe0ff24027894ca0f2ad65f1bd,inc/Minuit2/MnPrint.h,Hidden,153,,,,needs-review,architectural refactor; no 1:1 symbol match
root-project/root,math/minuit2,v6-36-08,a8ca1b23e38d7dbe0ff24027894ca0f2ad65f1bd,inc/Minuit2/MnPrint.h,Impl,156,,,,needs-review,architectural refactor; no 1:1 symbol match
root-project/root,math/minuit2,v6-36-08,a8ca1b23e38d7dbe0ff24027894ca0f2ad65f1bd,inc/Minuit2/MnPrint.h,Info,117,,,,needs-review,architectural refactor; no 1:1 symbol match
root-project/root,math/minuit2,v6-36-08,a8ca1b23e38d7dbe0ff24027894ca0f2ad65f1bd,inc/Minuit2/MnPrint.h,Level,102,,,,needs-review,architectural refactor; no 1:1 symbol match
root-project/root,math/minuit2,v6-36-08,a8ca1b23e38d7dbe0ff24027894ca0f2ad65f1bd,inc/Minuit2/MnPrint.h,Log,137,,,,needs-review,architectural refactor; no 1:1 symbol match
root-project/root,math/minuit2,v6-36-08,a8ca1b23e38d7dbe0ff24027894ca0f2ad65f1bd,src/MnPrint.cxx,Pop,52,,,,needs-review,architectural refactor; no 1:1 symbol match
root-project/root,math/minuit2,v6-36-08,a8ca1b23e38d7dbe0ff24027894ca0f2ad65f1bd,src/MnPrint.cxx,Push,39,,,,needs-review,architectural refactor; no 1:1 symbol match
root-project/root,math/minuit2,v6-36-08,a8ca1b23e38d7dbe0ff24027894ca0f2ad65f1bd,inc/Minuit2/MnPrint.h,SetGlobalLevel,87,,,,needs-review,architectural refactor; no 1:1 symbol match
root-project/root,math/minuit2,v6-36-08,a8ca1b23e38d7dbe0ff24027894ca0f2ad65f1bd,inc/Minuit2/MnPrint.h,SetLevel,99,,,,needs-review,architectural refactor; no 1:1 symbol match
root-project/root,math/minuit2,v6-36-08,a8ca1b23e38d7dbe0ff24027894ca0f2ad65f1bd,inc/Minuit2/MnPrint.h,ShowPrefixStack,93,,,,needs-review,architectural refactor; no 1:1 symbol match
root-project/root,math/minuit2,v6-36-08,a8ca1b23e38d7dbe0ff24027894ca0f2ad65f1bd,inc/Minuit2/MnPrint.h,StreamArgs,171,,,,needs-review,architectural refactor; no 1:1 symbol match
root-project/root,math/minuit2,v6-36-08,a8ca1b23e38d7dbe0ff24027894ca0f2ad65f1bd,inc/Minuit2/MnPrint.h,StreamArgs,175,,,,needs-review,architectural refactor; no 1:1 symbol match
root-project/root,math/minuit2,v6-36-08,a8ca1b23e38d7dbe0ff24027894ca0f2ad65f1bd,inc/Minuit2/MnPrint.h,StreamArgs,182,,,,needs-review,architectural refactor; no 1:1 symbol match
root-project/root,math/minuit2,v6-36-08,a8ca1b23e38d7dbe0ff24027894ca0f2ad65f1bd,inc/Minuit2/MnPrint.h,StreamPrefix,150,,,,needs-review,architectural refactor; no 1:1 symbol match
root-project/root,math/minuit2,v6-36-08,a8ca1b23e38d7dbe0ff24027894ca0f2ad65f1bd,inc/Minuit2/MnPrint.h,Trace,129,,,,needs-review,architectural refactor; no 1:1 symbol match
root-project/root,math/minuit2,v6-36-08,a8ca1b23e38d7dbe0ff24027894ca0f2ad65f1bd,inc/Minuit2/MnPrint.h,Warn,111,,,,needs-review,architectural refactor; no 1:1 symbol match
root-project/root,math/minuit2,v6-36-08,a8ca1b23e38d7dbe0ff24027894ca0f2ad65f1bd,src/MnPrintImpl.cxx,Impl,13,,,,needs-review,architectural refactor; no 1:1 symbol match
root-project/root,math/minuit2,v6-36-08,a8ca1b23e38d7dbe0ff24027894ca0f2ad65f1bd,inc/Minuit2/MnScan.h;src/MnScan.cxx,<no_symbol_extracted>,,src/scan/mod.rs,,,needs-review,unable to extract symbols with heuristic parser
root-project/root,math/minuit2,v6-36-08,a8ca1b23e38d7dbe0ff24027894ca0f2ad65f1bd,inc/Minuit2/MnSeedGenerator.h,CallWithAnalyticalGradientCalculator,24,src/migrad/seed.rs,call_with_analytical_gradient_calculator,121,implemented,symbol name match
root-project/root,math/minuit2,v6-36-08,a8ca1b23e38d7dbe0ff24027894ca0f2ad65f1bd,inc/Minuit2/MnSeedGenerator.h,operator(),20,,,,intentionally-skipped,constructor/destructor/operator handled idiomatically in Rust
root-project/root,math/minuit2,v6-36-08,a8ca1b23e38d7dbe0ff24027894ca0f2ad65f1bd,inc/Minuit2/MnSimplex.h,<no_symbol_extracted>,,src/simplex/mod.rs,,,needs-review,unable to extract symbols with heuristic parser
root-project/root,math/minuit2,v6-36-08,a8ca1b23e38d7dbe0ff24027894ca0f2ad65f1bd,inc/Minuit2/MnStrategy.h,GradientNCycles,27,src/strategy.rs,grad_ncycles,92,needs-review,multiple Rust symbol candidates
root-project/root,math/minuit2,v6-36-08,a8ca1b23e38d7dbe0ff24027894ca0f2ad65f1bd,inc/Minuit2/MnStrategy.h,GradientStepTolerance,28,src/strategy.rs,grad_step_tol,101,needs-review,multiple Rust symbol candidates
root-project/root,math/minuit2,v6-36-08,a8ca1b23e38d7dbe0ff24027894ca0f2ad65f1bd,inc/Minuit2/MnStrategy.h,GradientTolerance,29,src/strategy.rs,grad_tol,110,needs-review,multiple Rust symbol candidates
root-project/root,math/minuit2,v6-36-08,a8ca1b23e38d7dbe0ff24027894ca0f2ad65f1bd,inc/Minuit2/MnStrategy.h,HessianCentralFDMixedDerivatives,35,src/strategy.rs,hessian_central_fd_mixed_derivatives,158,implemented,symbol name match
root-project/root,math/minuit2,v6-36-08,a8ca1b23e38d7dbe0ff24027894ca0f2ad65f1bd,inc/Minuit2/MnStrategy.h,HessianForcePosDef,36,src/strategy.rs,hessian_force_pos_def,162,implemented,symbol name match
root-project/root,math/minuit2,v6-36-08,a8ca1b23e38d7dbe0ff24027894ca0f2ad65f1bd,inc/Minuit2/MnStrategy.h,HessianG2Tolerance,33,src/strategy.rs,hess_g2_tol,137,needs-review,multiple Rust symbol candidates
root-project/root,math/minuit2,v6-36-08,a8ca1b23e38d7dbe0ff24027894ca0f2ad65f1bd,inc/Minuit2/MnStrategy.h,HessianGradientNCycles,34,src/strategy.rs,hess_grad_ncycles,146,needs-review,multiple Rust symbol candidates
root-project/root,math/minuit2,v6-36-08,a8ca1b23e38d7dbe0ff24027894ca0f2ad65f1bd,inc/Minuit2/MnStrategy.h,HessianNCycles,31,src/strategy.rs,hess_ncycles,119,needs-review,multiple Rust symbol candidates
root-project/root,math/minuit2,v6-36-08,a8ca1b23e38d7dbe0ff24027894ca0f2ad65f1bd,inc/Minuit2/MnStrategy.h,HessianStepTolerance,32,src/strategy.rs,hess_step_tol,128,needs-review,multiple Rust symbol candidates
root-project/root,math/minuit2,v6-36-08,a8ca1b23e38d7dbe0ff24027894ca0f2ad65f1bd,inc/Minuit2/MnStrategy.h,IsHigh,42,src/strategy.rs,is_high,217,implemented,symbol name match
root-project/root,math/minuit2,v6-36-08,a8ca1b23e38d7dbe0ff24027894ca0f2ad65f1bd,inc/Minuit2/MnStrategy.h,IsLow,40,src/strategy.rs,is_low,207,implemented,symbol name match
root-project/root,math/minuit2,v6-36-08,a8ca1b23e38d7dbe0ff24027894ca0f2ad65f1bd,inc/Minuit2/MnStrategy.h,IsMedium,41,src/strategy.rs,is_medium,212,implemented,symbol name match
root-project/root,math/minuit2,v6-36-08,a8ca1b23e38d7dbe0ff24027894ca0f2ad65f1bd,inc/Minuit2/MnStrategy.h,IsVeryHigh,43,src/strategy.rs,is_very_high,221,implemented,symbol name match
root-project/root,math/minuit2,v6-36-08,a8ca1b23e38d7dbe0ff24027894ca0f2ad65f1bd,inc/Minuit2/MnStrategy.h,MnStrategy,20,src/strategy.rs,new,22,needs-review,multiple Rust symbol candidates
root-project/root,math/minuit2,v6-36-08,a8ca1b23e38d7dbe0ff24027894ca0f2ad65f1bd,inc/Minuit2/MnStrategy.h,MnStrategy,23,src/strategy.rs,new,22,needs-review,multiple Rust symbol candidates
root-project/root,math/minuit2,v6-36-08,a8ca1b23e38d7dbe0ff24027894ca0f2ad65f1bd,inc/Minuit2/MnStrategy.h,SetGradientNCycles,50,src/strategy.rs,set_gradient_ncycles,166,implemented,symbol name match
root-project/root,math/minuit2,v6-36-08,a8ca1b23e38d7dbe0ff24027894ca0f2ad65f1bd,inc/Minuit2/MnStrategy.h,SetGradientStepTolerance,51,src/strategy.rs,set_gradient_step_tolerance,170,implemented,symbol name match
root-project/root,math/minuit2,v6-36-08,a8ca1b23e38d7dbe0ff24027894ca0f2ad65f1bd,inc/Minuit2/MnStrategy.h,SetGradientTolerance,52,src/strategy.rs,set_gradient_tolerance,174,implemented,symbol name match
root-project/root,math/minuit2,v6-36-08,a8ca1b23e38d7dbe0ff24027894ca0f2ad65f1bd,inc/Minuit2/MnStrategy.h,SetHessianCentralFDMixedDerivatives,61,src/strategy.rs,set_hessian_central_fd_mixed_derivatives,194,implemented,symbol name match
root-project/root,math/minuit2,v6-36-08,a8ca1b23e38d7dbe0ff24027894ca0f2ad65f1bd,inc/Minuit2/MnStrategy.h,SetHessianForcePosDef,65,src/strategy.rs,set_hessian_force_pos_def,198,implemented,symbol name match
root-project/root,math/minuit2,v6-36-08,a8ca1b23e38d7dbe0ff24027894ca0f2ad65f1bd,inc/Minuit2/MnStrategy.h,SetHessianG2Tolerance,56,src/strategy.rs,set_hessian_g2_tolerance,186,implemented,symbol name match
root-project/root,math/minuit2,v6-36-08,a8ca1b23e38d7dbe0ff24027894ca0f2ad65f1bd,inc/Minuit2/MnStrategy.h,SetHessianGradientNCycles,57,src/strategy.rs,set_hessian_gradient_ncycles,190,implemented,symbol name match
root-project/root,math/minuit2,v6-36-08,a8ca1b23e38d7dbe0ff24027894ca0f2ad65f1bd,inc/Minuit2/MnStrategy.h,SetHessianNCycles,54,src/strategy.rs,set_hessian_ncycles,178,implemented,symbol name match
root-project/root,math/minuit2,v6-36-08,a8ca1b23e38d7dbe0ff24027894ca0f2ad65f1bd,inc/Minuit2/MnStrategy.h,SetHessianStepTolerance,55,src/strategy.rs,set_hessian_step_tolerance,182,implemented,symbol name match
root-project/root,math/minuit2,v6-36-08,a8ca1b23e38d7dbe0ff24027894ca0f2ad65f1bd,inc/Minuit2/MnStrategy.h,SetHighStrategy,47,src/strategy.rs,set_high_strategy,72,implemented,symbol name match
root-project/root,math/minuit2,v6-36-08,a8ca1b23e38d7dbe0ff24027894ca0f2ad65f1bd,inc/Minuit2/MnStrategy.h,SetLowStrategy,45,src/strategy.rs,set_low_strategy,44,implemented,symbol name match
root-project/root,math/minuit2,v6-36-08,a8ca1b23e38d7dbe0ff24027894ca0f2ad65f1bd,inc/Minuit2/MnStrategy.h,SetMediumStrategy,46,src/strategy.rs,set_medium_strategy,58,implemented,symbol name match
root-project/root,math/minuit2,v6-36-08,a8ca1b23e38d7dbe0ff24027894ca0f2ad65f1bd,inc/Minuit2/MnStrategy.h,SetStorageLevel,69,src/strategy.rs,set_storage_level,202,implemented,symbol name match
root-project/root,math/minuit2,v6-36-08,a8ca1b23e38d7dbe0ff24027894ca0f2ad65f1bd,inc/Minuit2/MnStrategy.h,SetVeryHighStrategy,48,src/strategy.rs,set_very_high_strategy,225,implemented,symbol name match
root-project/root,math/minuit2,v6-36-08,a8ca1b23e38d7dbe0ff24027894ca0f2ad65f1bd,inc/Minuit2/MnStrategy.h,StorageLevel,38,src/strategy.rs,strategy,87,needs-review,multiple Rust symbol candidates
root-project/root,math/minuit2,v6-36-08,a8ca1b23e38d7dbe0ff24027894ca0f2ad65f1bd,inc/Minuit2/MnStrategy.h,Strategy,25,src/strategy.rs,strategy,87,implemented,symbol name match
root-project/root,math/minuit2,v6-36-08,a8ca1b23e38d7dbe0ff24027894ca0f2ad65f1bd,inc/Minuit2/MnTiny.h,One,16,,,,needs-review,architectural refactor; no 1:1 symbol match
root-project/root,math/minuit2,v6-36-08,a8ca1b23e38d7dbe0ff24027894ca0f2ad65f1bd,inc/Minuit2/MnTiny.h,operator(),18,src/precision.rs,new,13,intentionally-skipped,constructor/destructor/operator handled idiomatically in Rust
root-project/root,math/minuit2,v6-36-08,a8ca1b23e38d7dbe0ff24027894ca0f2ad65f1bd,inc/Minuit2/MnTraceObject.h,Init,23,,,,needs-review,architectural refactor; no 1:1 symbol match
root-project/root,math/minuit2,v6-36-08,a8ca1b23e38d7dbe0ff24027894ca0f2ad65f1bd,inc/Minuit2/MnTraceObject.h,operator(),25,src/bin/ref_compare_runner.rs,value,137,needs-review,multiple Rust symbol candidates
root-project/root,math/minuit2,v6-36-08,a8ca1b23e38d7dbe0ff24027894ca0f2ad65f1bd,inc/Minuit2/MnTraceObject.h,ParNumber,31,,,,needs-review,architectural refactor; no 1:1 symbol match
root-project/root,math/minuit2,v6-36-08,a8ca1b23e38d7dbe0ff24027894ca0f2ad65f1bd,inc/Minuit2/MnTraceObject.h,SetParNumber,29,,,,needs-review,architectural refactor; no 1:1 symbol match
root-project/root,math/minuit2,v6-36-08,a8ca1b23e38d7dbe0ff24027894ca0f2ad65f1bd,inc/Minuit2/MnUserCovariance.h,MnUserCovariance,24,src/user_covariance.rs,new,13,implemented,symbol name match
root-project/root,math/minuit2,v6-36-08,a8ca1b23e38d7dbe0ff24027894ca0f2ad65f1bd,inc/Minuit2/MnUserCovariance.h,Nrow,66,src/user_covariance.rs,nrow,27,implemented,symbol name match
root-project/root,math/minuit2,v6-36-08,a8ca1b23e38d7dbe0ff24027894ca0f2ad65f1bd,inc/Minuit2/MnUserCovariance.h,operator(),40,src/user_covariance.rs,new,13,intentionally-skipped,constructor/destructor/operator handled idiomatically in Rust
root-project/root,math/minuit2,v6-36-08,a8ca1b23e38d7dbe0ff24027894ca0f2ad65f1bd,inc/Minuit2/MnUserCovariance.h,Scale,58,src/user_covariance.rs,scale,52,implemented,symbol name match
root-project/root,math/minuit2,v6-36-08,a8ca1b23e38d7dbe0ff24027894ca0f2ad65f1bd,inc/Minuit2/MnUserCovariance.h,size,69,src/user_covariance.rs,size,58,implemented,symbol name match
root-project/root,math/minuit2,v6-36-08,a8ca1b23e38d7dbe0ff24027894ca0f2ad65f1bd,inc/Minuit2/MnUserFcn.h;src/MnUserFcn.cxx,<no_symbol_extracted>,,src/fcn.rs;src/mn_fcn.rs,,,needs-review,source unavailable: src/MnUserFcn.cxx: failed to download https://raw.githubusercontent.com/root-project/root/a8ca1b23e38d7dbe0ff24027894ca0f2ad65f1bd/math/minuit2/src/MnUserFcn.cxx: 404
root-project/root,math/minuit2,v6-36-08,a8ca1b23e38d7dbe0ff24027894ca0f2ad65f1bd,inc/Minuit2/MnUserParameterState.h,Add,96,src/user_parameter_state.rs,add,127,needs-review,multiple Rust symbol candidates
root-project/root,math/minuit2,v6-36-08,a8ca1b23e38d7dbe0ff24027894ca0f2ad65f1bd,inc/Minuit2/MnUserParameterState.h,Add,92,src/user_parameter_state.rs,add,127,needs-review,multiple Rust symbol candidates
root-project/root,math/minuit2,v6-36-08,a8ca1b23e38d7dbe0ff24027894ca0f2ad65f1bd,inc/Minuit2/MnUserParameterState.h,Add,94,src/user_parameter_state.rs,add,127,needs-review,multiple Rust symbol candidates
root-project/root,math/minuit2,v6-36-08,a8ca1b23e38d7dbe0ff24027894ca0f2ad65f1bd,inc/Minuit2/MnUserParameterState.h,AddCovariance,99,src/user_parameter_state.rs,add_covariance,97,implemented,symbol name match
root-project/root,math/minuit2,v6-36-08,a8ca1b23e38d7dbe0ff24027894ca0f2ad65f1bd,inc/Minuit2/MnUserParameterState.h,CovarianceStatus,66,src/user_parameter_state.rs,covariance_status,108,implemented,symbol name match
root-project/root,math/minuit2,v6-36-08,a8ca1b23e38d7dbe0ff24027894ca0f2ad65f1bd,inc/Minuit2/MnUserParameterState.h,Edm,76,src/user_parameter_state.rs,edm,56,implemented,symbol name match
root-project/root,math/minuit2,v6-36-08,a8ca1b23e38d7dbe0ff24027894ca0f2ad65f1bd,inc/Minuit2/MnUserParameterState.h,Error,113,src/user_parameter_state.rs,error,186,needs-review,multiple Rust symbol candidates
root-project/root,math/minuit2,v6-36-08,a8ca1b23e38d7dbe0ff24027894ca0f2ad65f1bd,inc/Minuit2/MnUserParameterState.h,Errors,86,src/user_parameter_state.rs,errors,190,needs-review,multiple Rust symbol candidates
root-project/root,math/minuit2,v6-36-08,a8ca1b23e38d7dbe0ff24027894ca0f2ad65f1bd,inc/Minuit2/MnUserParameterState.h,Ext2int,137,src/user_parameter_state.rs,ext2int,203,needs-review,multiple Rust symbol candidates
root-project/root,math/minuit2,v6-36-08,a8ca1b23e38d7dbe0ff24027894ca0f2ad65f1bd,inc/Minuit2/MnUserParameterState.h,ExtOfInt,139,src/user_parameter_state.rs,ext_of_int,211,needs-review,multiple Rust symbol candidates
root-project/root,math/minuit2,v6-36-08,a8ca1b23e38d7dbe0ff24027894ca0f2ad65f1bd,inc/Minuit2/MnUserParameterState.h,Fix,102,src/user_parameter_state.rs,fix,142,needs-review,multiple Rust symbol candidates
root-project/root,math/minuit2,v6-36-08,a8ca1b23e38d7dbe0ff24027894ca0f2ad65f1bd,inc/Minuit2/MnUserParameterState.h,Fval,75,src/user_parameter_state.rs,fval,47,implemented,symbol name match
root-project/root,math/minuit2,v6-36-08,a8ca1b23e38d7dbe0ff24027894ca0f2ad65f1bd,inc/Minuit2/MnUserParameterState.h,HasCovariance,72,src/user_parameter_state.rs,has_covariance,83,needs-review,multiple Rust symbol candidates
root-project/root,math/minuit2,v6-36-08,a8ca1b23e38d7dbe0ff24027894ca0f2ad65f1bd,inc/Minuit2/MnUserParameterState.h,HasGlobalCC,73,src/user_parameter_state.rs,global_cc,117,implemented,symbol name match
root-project/root,math/minuit2,v6-36-08,a8ca1b23e38d7dbe0ff24027894ca0f2ad65f1bd,inc/Minuit2/MnUserParameterState.h,Hessian,59,src/user_parameter_state.rs,hessian,112,implemented,symbol name match
root-project/root,math/minuit2,v6-36-08,a8ca1b23e38d7dbe0ff24027894ca0f2ad65f1bd,inc/Minuit2/MnUserParameterState.h,Index,129,src/user_parameter_state.rs,index,194,needs-review,multiple Rust symbol candidates
root-project/root,math/minuit2,v6-36-08,a8ca1b23e38d7dbe0ff24027894ca0f2ad65f1bd,inc/Minuit2/MnUserParameterState.h,Int2ext,136,src/user_parameter_state.rs,int2ext,198,needs-review,multiple Rust symbol candidates
root-project/root,math/minuit2,v6-36-08,a8ca1b23e38d7dbe0ff24027894ca0f2ad65f1bd,inc/Minuit2/MnUserParameterState.h,IntOfExt,138,src/user_parameter_state.rs,int_of_ext,207,needs-review,multiple Rust symbol candidates
root-project/root,math/minuit2,v6-36-08,a8ca1b23e38d7dbe0ff24027894ca0f2ad65f1bd,inc/Minuit2/MnUserParameterState.h,IsValid,71,src/user_parameter_state.rs,is_valid,74,implemented,symbol name match
root-project/root,math/minuit2,v6-36-08,a8ca1b23e38d7dbe0ff24027894ca0f2ad65f1bd,inc/Minuit2/MnUserParameterState.h,MnUserParameterState,41,src/user_parameter_state.rs,new,25,needs-review,multiple Rust symbol candidates
root-project/root,math/minuit2,v6-36-08,a8ca1b23e38d7dbe0ff24027894ca0f2ad65f1bd,inc/Minuit2/MnUserParameterState.h,MnUserParameterState,39,src/user_parameter_state.rs,new,25,needs-review,multiple Rust symbol candidates
root-project/root,math/minuit2,v6-36-08,a8ca1b23e38d7dbe0ff24027894ca0f2ad65f1bd,inc/Minuit2/MnUserParameterState.h,MnUserParameterState,44,src/user_parameter_state.rs,new,25,needs-review,multiple Rust symbol candidates
root-project/root,math/minuit2,v6-36-08,a8ca1b23e38d7dbe0ff24027894ca0f2ad65f1bd,inc/Minuit2/MnUserParameterState.h,NFcn,77,src/user_parameter_state.rs,nfcn,65,implemented,symbol name match
root-project/root,math/minuit2,v6-36-08,a8ca1b23e38d7dbe0ff24027894ca0f2ad65f1bd,inc/Minuit2/MnUserParameterState.h,Params,85,src/user_parameter_state.rs,params,38,needs-review,multiple Rust symbol candidates
root-project/root,math/minuit2,v6-36-08,a8ca1b23e38d7dbe0ff24027894ca0f2ad65f1bd,inc/Minuit2/MnUserParameterState.h,Release,103,src/user_parameter_state.rs,release,146,needs-review,multiple Rust symbol candidates
root-project/root,math/minuit2,v6-36-08,a8ca1b23e38d7dbe0ff24027894ca0f2ad65f1bd,inc/Minuit2/MnUserParameterState.h,RemoveLimits,104,src/user_parameter_state.rs,remove_limits,170,needs-review,multiple Rust symbol candidates
root-project/root,math/minuit2,v6-36-08,a8ca1b23e38d7dbe0ff24027894ca0f2ad65f1bd,inc/Minuit2/MnUserParameterState.h,SetError,106,src/user_parameter_state.rs,set_error,154,needs-review,multiple Rust symbol candidates
root-project/root,math/minuit2,v6-36-08,a8ca1b23e38d7dbe0ff24027894ca0f2ad65f1bd,inc/Minuit2/MnUserParameterState.h,SetLimits,107,src/user_parameter_state.rs,set_limits,158,needs-review,multiple Rust symbol candidates
root-project/root,math/minuit2,v6-36-08,a8ca1b23e38d7dbe0ff24027894ca0f2ad65f1bd,inc/Minuit2/MnUserParameterState.h,SetLowerLimit,109,src/user_parameter_state.rs,set_lower_limit,162,needs-review,multiple Rust symbol candidates
root-project/root,math/minuit2,v6-36-08,a8ca1b23e38d7dbe0ff24027894ca0f2ad65f1bd,inc/Minuit2/MnUserParameterState.h,SetName,110,src/user_parameter_state.rs,set_name,174,needs-review,multiple Rust symbol candidates
root-project/root,math/minuit2,v6-36-08,a8ca1b23e38d7dbe0ff24027894ca0f2ad65f1bd,inc/Minuit2/MnUserParameterState.h,SetPrecision,142,src/user_parameter_state.rs,set_precision,178,needs-review,multiple Rust symbol candidates
root-project/root,math/minuit2,v6-36-08,a8ca1b23e38d7dbe0ff24027894ca0f2ad65f1bd,inc/Minuit2/MnUserParameterState.h,SetUpperLimit,108,src/user_parameter_state.rs,set_upper_limit,166,needs-review,multiple Rust symbol candidates
root-project/root,math/minuit2,v6-36-08,a8ca1b23e38d7dbe0ff24027894ca0f2ad65f1bd,inc/Minuit2/MnUserParameterState.h,SetValue,105,src/user_parameter_state.rs,set_value,150,needs-review,multiple Rust symbol candidates
root-project/root,math/minuit2,v6-36-08,a8ca1b23e38d7dbe0ff24027894ca0f2ad65f1bd,inc/Minuit2/MnUserParameterState.h,Value,112,src/user_parameter_state.rs,value,182,needs-review,multiple Rust symbol candidates
root-project/root,math/minuit2,v6-36-08,a8ca1b23e38d7dbe0ff24027894ca0f2ad65f1bd,inc/Minuit2/MnUserParameterState.h,VariableParameters,140,src/user_parameter_state.rs,variable_parameters,219,needs-review,multiple Rust symbol candidates
root-project/root,math/minuit2,v6-36-08,a8ca1b23e38d7dbe0ff24027894ca0f2ad65f1bd,inc/Minuit2/MnUserParameters.h,Add,56,src/user_parameters.rs,add,37,implemented,symbol name match
root-project/root,math/minuit2,v6-36-08,a8ca1b23e38d7dbe0ff24027894ca0f2ad65f1bd,inc/Minuit2/MnUserParameters.h,Add,52,src/user_parameters.rs,add,37,implemented,symbol name match
root-project/root,math/minuit2,v6-36-08,a8ca1b23e38d7dbe0ff24027894ca0f2ad65f1bd,inc/Minuit2/MnUserParameters.h,Add,54,src/user_parameters.rs,add,37,implemented,symbol name match
root-project/root,math/minuit2,v6-36-08,a8ca1b23e38d7dbe0ff24027894ca0f2ad65f1bd,inc/Minuit2/MnUserParameters.h,Error,70,src/user_parameters.rs,error,171,implemented,symbol name match
root-project/root,math/minuit2,v6-36-08,a8ca1b23e38d7dbe0ff24027894ca0f2ad65f1bd,inc/Minuit2/MnUserParameters.h,Errors,46,src/user_parameters.rs,errors,175,implemented,symbol name match
root-project/root,math/minuit2,v6-36-08,a8ca1b23e38d7dbe0ff24027894ca0f2ad65f1bd,inc/Minuit2/MnUserParameters.h,Fix,59,src/user_parameters.rs,fix,106,implemented,symbol name match
root-project/root,math/minuit2,v6-36-08,a8ca1b23e38d7dbe0ff24027894ca0f2ad65f1bd,inc/Minuit2/MnUserParameters.h,Index,86,src/user_parameters.rs,index,156,implemented,symbol name match
root-project/root,math/minuit2,v6-36-08,a8ca1b23e38d7dbe0ff24027894ca0f2ad65f1bd,inc/Minuit2/MnUserParameters.h,MnUserParameters,27,src/user_parameters.rs,new,20,needs-review,multiple Rust symbol candidates
root-project/root,math/minuit2,v6-36-08,a8ca1b23e38d7dbe0ff24027894ca0f2ad65f1bd,inc/Minuit2/MnUserParameters.h,Params,45,src/user_parameters.rs,params,195,implemented,symbol name match
root-project/root,math/minuit2,v6-36-08,a8ca1b23e38d7dbe0ff24027894ca0f2ad65f1bd,inc/Minuit2/MnUserParameters.h,Release,60,src/user_parameters.rs,release,111,implemented,symbol name match
root-project/root,math/minuit2,v6-36-08,a8ca1b23e38d7dbe0ff24027894ca0f2ad65f1bd,inc/Minuit2/MnUserParameters.h,RemoveLimits,61,src/user_parameters.rs,remove_limits,139,implemented,symbol name match
root-project/root,math/minuit2,v6-36-08,a8ca1b23e38d7dbe0ff24027894ca0f2ad65f1bd,inc/Minuit2/MnUserParameters.h,SetError,63,src/user_parameters.rs,set_error,121,implemented,symbol name match
root-project/root,math/minuit2,v6-36-08,a8ca1b23e38d7dbe0ff24027894ca0f2ad65f1bd,inc/Minuit2/MnUserParameters.h,SetLimits,64,src/user_parameters.rs,set_limits,126,implemented,symbol name match
root-project/root,math/minuit2,v6-36-08,a8ca1b23e38d7dbe0ff24027894ca0f2ad65f1bd,inc/Minuit2/MnUserParameters.h,SetLowerLimit,66,src/user_parameters.rs,set_lower_limit,130,implemented,symbol name match
root-project/root,math/minuit2,v6-36-08,a8ca1b23e38d7dbe0ff24027894ca0f2ad65f1bd,inc/Minuit2/MnUserParameters.h,SetName,67,src/user_parameters.rs,set_name,143,implemented,symbol name match
root-project/root,math/minuit2,v6-36-08,a8ca1b23e38d7dbe0ff24027894ca0f2ad65f1bd,inc/Minuit2/MnUserParameters.h,SetPrecision,93,src/user_parameters.rs,set_precision,151,implemented,symbol name match
root-project/root,math/minuit2,v6-36-08,a8ca1b23e38d7dbe0ff24027894ca0f2ad65f1bd,inc/Minuit2/MnUserParameters.h,SetUpperLimit,65,src/user_parameters.rs,set_upper_limit,134,implemented,symbol name match
root-project/root,math/minuit2,v6-36-08,a8ca1b23e38d7dbe0ff24027894ca0f2ad65f1bd,inc/Minuit2/MnUserParameters.h,SetValue,62,src/user_parameters.rs,set_value,116,implemented,symbol name match
root-project/root,math/minuit2,v6-36-08,a8ca1b23e38d7dbe0ff24027894ca0f2ad65f1bd,inc/Minuit2/MnUserParameters.h,Value,69,src/user_parameters.rs,value,166,implemented,symbol name match
root-project/root,math/minuit2,v6-36-08,a8ca1b23e38d7dbe0ff24027894ca0f2ad65f1bd,inc/Minuit2/MnUserParameters.h,VariableParameters,39,src/user_parameters.rs,variable_parameters,190,implemented,symbol name match
root-project/root,math/minuit2,v6-36-08,a8ca1b23e38d7dbe0ff24027894ca0f2ad65f1bd,inc/Minuit2/MnUserTransformation.h,Add,128,src/user_parameters.rs,add,37,needs-review,multiple Rust symbol candidates
root-project/root,math/minuit2,v6-36-08,a8ca1b23e38d7dbe0ff24027894ca0f2ad65f1bd,inc/Minuit2/MnUserTransformation.h,Add,124,src/user_parameters.rs,add,37,needs-review,multiple Rust symbol candidates
root-project/root,math/minuit2,v6-36-08,a8ca1b23e38d7dbe0ff24027894ca0f2ad65f1bd,inc/Minuit2/MnUserTransformation.h,Add,126,src/user_parameters.rs,add,37,needs-review,multiple Rust symbol candidates
root-project/root,math/minuit2,v6-36-08,a8ca1b23e38d7dbe0ff24027894ca0f2ad65f1bd,inc/Minuit2/MnUserTransformation.h,DExt2Int,88,src/user_transformation.rs,dext2int,204,implemented,symbol name match
root-project/root,math/minuit2,v6-36-08,a8ca1b23e38d7dbe0ff24027894ca0f2ad65f1bd,inc/Minuit2/MnUserTransformation.h,DInt2Ext,87,src/user_transformation.rs,dint2ext,190,implemented,symbol name match
root-project/root,math/minuit2,v6-36-08,a8ca1b23e38d7dbe0ff24027894ca0f2ad65f1bd,inc/Minuit2/MnUserTransformation.h,Error,142,src/user_parameters.rs,error,171,needs-review,multiple Rust symbol candidates
root-project/root,math/minuit2,v6-36-08,a8ca1b23e38d7dbe0ff24027894ca0f2ad65f1bd,inc/Minuit2/MnUserTransformation.h,Errors,118,src/user_parameters.rs,errors,175,needs-review,multiple Rust symbol candidates
root-project/root,math/minuit2,v6-36-08,a8ca1b23e38d7dbe0ff24027894ca0f2ad65f1bd,inc/Minuit2/MnUserTransformation.h,Ext2int,84,src/user_transformation.rs,ext2int,176,implemented,symbol name match
root-project/root,math/minuit2,v6-36-08,a8ca1b23e38d7dbe0ff24027894ca0f2ad65f1bd,inc/Minuit2/MnUserTransformation.h,Ext2intCovariance,81,src/user_transformation.rs,ext2int_covariance,242,implemented,symbol name match
root-project/root,math/minuit2,v6-36-08,a8ca1b23e38d7dbe0ff24027894ca0f2ad65f1bd,inc/Minuit2/MnUserTransformation.h,ExtOfInt,97,src/user_transformation.rs,ext_of_int,142,implemented,symbol name match
root-project/root,math/minuit2,v6-36-08,a8ca1b23e38d7dbe0ff24027894ca0f2ad65f1bd,inc/Minuit2/MnUserTransformation.h,FindIndex,160,src/user_transformation.rs,find_index,100,implemented,symbol name match
root-project/root,math/minuit2,v6-36-08,a8ca1b23e38d7dbe0ff24027894ca0f2ad65f1bd,inc/Minuit2/MnUserTransformation.h,Fix,131,src/user_parameters.rs,fix,106,needs-review,multiple Rust symbol candidates
root-project/root,math/minuit2,v6-36-08,a8ca1b23e38d7dbe0ff24027894ca0f2ad65f1bd,inc/Minuit2/MnUserTransformation.h,Index,158,src/user_parameters.rs,index,156,needs-review,multiple Rust symbol candidates
root-project/root,math/minuit2,v6-36-08,a8ca1b23e38d7dbe0ff24027894ca0f2ad65f1bd,inc/Minuit2/MnUserTransformation.h,Int2ext,75,src/user_transformation.rs,int2ext,162,implemented,symbol name match
root-project/root,math/minuit2,v6-36-08,a8ca1b23e38d7dbe0ff24027894ca0f2ad65f1bd,inc/Minuit2/MnUserTransformation.h,Int2extCovariance,80,src/user_transformation.rs,int2ext_covariance,219,implemented,symbol name match
root-project/root,math/minuit2,v6-36-08,a8ca1b23e38d7dbe0ff24027894ca0f2ad65f1bd,inc/Minuit2/MnUserTransformation.h,Int2extError,78,src/user_transformation.rs,int2ext_error,214,implemented,symbol name match
root-project/root,math/minuit2,v6-36-08,a8ca1b23e38d7dbe0ff24027894ca0f2ad65f1bd,inc/Minuit2/MnUserTransformation.h,IntOfExt,94,src/user_transformation.rs,int_of_ext,137,implemented,symbol name match
root-project/root,math/minuit2,v6-36-08,a8ca1b23e38d7dbe0ff24027894ca0f2ad65f1bd,inc/Minuit2/MnUserTransformation.h,MnUserTransformation,44,src/user_parameters.rs,new,20,needs-review,multiple Rust symbol candidates
root-project/root,math/minuit2,v6-36-08,a8ca1b23e38d7dbe0ff24027894ca0f2ad65f1bd,src/MnUserTransformation.cxx,operator(),24,src/user_parameters.rs,value,166,needs-review,multiple Rust symbol candidates
root-project/root,math/minuit2,v6-36-08,a8ca1b23e38d7dbe0ff24027894ca0f2ad65f1bd,inc/Minuit2/MnUserTransformation.h,Params,117,src/user_parameters.rs,params,195,needs-review,multiple Rust symbol candidates
root-project/root,math/minuit2,v6-36-08,a8ca1b23e38d7dbe0ff24027894ca0f2ad65f1bd,inc/Minuit2/MnUserTransformation.h,Release,132,src/user_parameters.rs,release,111,needs-review,multiple Rust symbol candidates
root-project/root,math/minuit2,v6-36-08,a8ca1b23e38d7dbe0ff24027894ca0f2ad65f1bd,inc/Minuit2/MnUserTransformation.h,RemoveLimits,133,src/user_parameters.rs,remove_limits,139,needs-review,multiple Rust symbol candidates
root-project/root,math/minuit2,v6-36-08,a8ca1b23e38d7dbe0ff24027894ca0f2ad65f1bd,inc/Minuit2/MnUserTransformation.h,SetError,135,src/user_parameters.rs,set_error,121,needs-review,multiple Rust symbol candidates
root-project/root,math/minuit2,v6-36-08,a8ca1b23e38d7dbe0ff24027894ca0f2ad65f1bd,inc/Minuit2/MnUserTransformation.h,SetLimits,136,src/user_parameters.rs,set_limits,126,needs-review,multiple Rust symbol candidates
root-project/root,math/minuit2,v6-36-08,a8ca1b23e38d7dbe0ff24027894ca0f2ad65f1bd,inc/Minuit2/MnUserTransformation.h,SetLowerLimit,138,src/user_parameters.rs,set_lower_limit,130,needs-review,multiple Rust symbol candidates
root-project/root,math/minuit2,v6-36-08,a8ca1b23e38d7dbe0ff24027894ca0f2ad65f1bd,inc/Minuit2/MnUserTransformation.h,SetName,139,src/user_parameters.rs,set_name,143,needs-review,multiple Rust symbol candidates
root-project/root,math/minuit2,v6-36-08,a8ca1b23e38d7dbe0ff24027894ca0f2ad65f1bd,inc/Minuit2/MnUserTransformation.h,SetPrecision,113,src/user_parameters.rs,set_precision,151,needs-review,multiple Rust symbol candidates
root-project/root,math/minuit2,v6-36-08,a8ca1b23e38d7dbe0ff24027894ca0f2ad65f1bd,inc/Minuit2/MnUserTransformation.h,SetUpperLimit,137,src/user_parameters.rs,set_upper_limit,134,needs-review,multiple Rust symbol candidates
root-project/root,math/minuit2,v6-36-08,a8ca1b23e38d7dbe0ff24027894ca0f2ad65f1bd,inc/Minuit2/MnUserTransformation.h,SetValue,134,src/user_parameters.rs,set_value,116,needs-review,multiple Rust symbol candidates
root-project/root,math/minuit2,v6-36-08,a8ca1b23e38d7dbe0ff24027894ca0f2ad65f1bd,inc/Minuit2/MnUserTransformation.h,Value,141,src/user_parameters.rs,value,166,needs-review,multiple Rust symbol candidates
root-project/root,math/minuit2,v6-36-08,a8ca1b23e38d7dbe0ff24027894ca0f2ad65f1bd,inc/Minuit2/MnUserTransformation.h,VariableParameters,105,src/user_parameters.rs,variable_parameters,190,needs-review,multiple Rust symbol candidates
root-project/root,math/minuit2,v6-36-08,a8ca1b23e38d7dbe0ff24027894ca0f2ad65f1bd,inc/Minuit2/MnVectorTransform.h,<no_symbol_extracted>,,src/user_transformation.rs,,,needs-review,source unavailable: inc/Minuit2/MnVectorTransform.h: failed to download https://raw.githubusercontent.com/root-project/root/a8ca1b23e38d7dbe0ff24027894ca0f2ad65f1bd/math/minuit2/inc/Minuit2/MnVectorTransform.h: 404
root-project/root,math/minuit2,v6-36-08,a8ca1b23e38d7dbe0ff24027894ca0f2ad65f1bd,inc/Minuit2/ModularFunctionMinimizer.h,Minimize,47,src/migrad/minimizer.rs,minimize,18,needs-review,multiple Rust symbol candidates
root-project/root,math/minuit2,v6-36-08,a8ca1b23e38d7dbe0ff24027894ca0f2ad65f1bd,inc/Minuit2/NegativeG2LineSearch.h,HasNegativeG2,26,src/migrad/builder.rs,has_negative_g2,416,implemented,symbol name match
root-project/root,math/minuit2,v6-36-08,a8ca1b23e38d7dbe0ff24027894ca0f2ad65f1bd,inc/Minuit2/NegativeG2LineSearch.h,operator(),23,,,,intentionally-skipped,constructor/destructor/operator handled idiomatically in Rust
root-project/root,math/minuit2,v6-36-08,a8ca1b23e38d7dbe0ff24027894ca0f2ad65f1bd,inc/Minuit2/Numerical2PGradientCalculator.h,operator(),31,src/gradient/numerical.rs,new,21,intentionally-skipped,constructor/destructor/operator handled idiomatically in Rust
root-project/root,math/minuit2,v6-36-08,a8ca1b23e38d7dbe0ff24027894ca0f2ad65f1bd,inc/Minuit2/Numerical2PGradientCalculator.h,operator(),33,src/gradient/numerical.rs,new,21,intentionally-skipped,constructor/destructor/operator handled idiomatically in Rust
root-project/root,math/minuit2,v6-36-08,a8ca1b23e38d7dbe0ff24027894ca0f2ad65f1bd,inc/Minuit2/ScanBuilder.h,Minimum,23,,,,needs-review,architectural refactor; no 1:1 symbol match
root-project/root,math/minuit2,v6-36-08,a8ca1b23e38d7dbe0ff24027894ca0f2ad65f1bd,inc/Minuit2/ScanMinimizer.h,<no_symbol_extracted>,,src/scan/mod.rs,,,needs-review,unable to extract symbols with heuristic parser
root-project/root,math/minuit2,v6-36-08,a8ca1b23e38d7dbe0ff24027894ca0f2ad65f1bd,inc/Minuit2/SimplexBuilder.h,Minimum,23,src/simplex/builder.rs,minimum,20,implemented,symbol name match
root-project/root,math/minuit2,v6-36-08,a8ca1b23e38d7dbe0ff24027894ca0f2ad65f1bd,inc/Minuit2/SimplexMinimizer.h,<no_symbol_extracted>,,src/simplex/minimizer.rs,,,needs-review,unable to extract symbols with heuristic parser
root-project/root,math/minuit2,v6-36-08,a8ca1b23e38d7dbe0ff24027894ca0f2ad65f1bd,inc/Minuit2/SimplexParameters.h,Dirin,45,src/simplex/parameters.rs,dirin,87,implemented,symbol name match
root-project/root,math/minuit2,v6-36-08,a8ca1b23e38d7dbe0ff24027894ca0f2ad65f1bd,inc/Minuit2/SimplexParameters.h,Edm,44,src/simplex/parameters.rs,edm,107,implemented,symbol name match
root-project/root,math/minuit2,v6-36-08,a8ca1b23e38d7dbe0ff24027894ca0f2ad65f1bd,inc/Minuit2/SimplexParameters.h,Jh,42,src/simplex/parameters.rs,jh,67,implemented,symbol name match
root-project/root,math/minuit2,v6-36-08,a8ca1b23e38d7dbe0ff24027894ca0f2ad65f1bd,inc/Minuit2/SimplexParameters.h,Jl,43,src/simplex/parameters.rs,jl,58,implemented,symbol name match
root-project/root,math/minuit2,v6-36-08,a8ca1b23e38d7dbe0ff24027894ca0f2ad65f1bd,inc/Minuit2/SimplexParameters.h,Update,32,src/simplex/parameters.rs,update,42,implemented,symbol name match
root-project/root,math/minuit2,v6-36-08,a8ca1b23e38d7dbe0ff24027894ca0f2ad65f1bd,inc/Minuit2/SimplexSeedGenerator.h,operator(),23,,,,intentionally-skipped,constructor/destructor/operator handled idiomatically in Rust
root-project/root,math/minuit2,v6-36-08,a8ca1b23e38d7dbe0ff24027894ca0f2ad65f1bd,inc/Minuit2/SinParameterTransformation.h,DExt2Int,21,src/transform/sin.rs,dext2int,13,implemented,symbol name match
root-project/root,math/minuit2,v6-36-08,a8ca1b23e38d7dbe0ff24027894ca0f2ad65f1bd,inc/Minuit2/SinParameterTransformation.h,DInt2Ext,20,src/transform/sin.rs,dint2ext,42,implemented,symbol name match
root-project/root,math/minuit2,v6-36-08,a8ca1b23e38d7dbe0ff24027894ca0f2ad65f1bd,inc/Minuit2/SinParameterTransformation.h,Ext2int,19,src/transform/sin.rs,ext2int,25,implemented,symbol name match
root-project/root,math/minuit2,v6-36-08,a8ca1b23e38d7dbe0ff24027894ca0f2ad65f1bd,inc/Minuit2/SinParameterTransformation.h,Int2ext,18,src/transform/sin.rs,int2ext,21,implemented,symbol name match
root-project/root,math/minuit2,v6-36-08,a8ca1b23e38d7dbe0ff24027894ca0f2ad65f1bd,inc/Minuit2/SqrtLowParameterTransformation.h,DExt2Int,34,src/transform/sqrt_low.rs,dext2int,11,implemented,symbol name match
root-project/root,math/minuit2,v6-36-08,a8ca1b23e38d7dbe0ff24027894ca0f2ad65f1bd,inc/Minuit2/SqrtLowParameterTransformation.h,DInt2Ext,31,src/transform/sqrt_low.rs,dint2ext,34,implemented,symbol name match
root-project/root,math/minuit2,v6-36-08,a8ca1b23e38d7dbe0ff24027894ca0f2ad65f1bd,inc/Minuit2/SqrtLowParameterTransformation.h,Ext2int,28,src/transform/sqrt_low.rs,ext2int,23,implemented,symbol name match
root-project/root,math/minuit2,v6-36-08,a8ca1b23e38d7dbe0ff24027894ca0f2ad65f1bd,inc/Minuit2/SqrtLowParameterTransformation.h,Int2ext,25,src/transform/sqrt_low.rs,int2ext,19,implemented,symbol name match
root-project/root,math/minuit2,v6-36-08,a8ca1b23e38d7dbe0ff24027894ca0f2ad65f1bd,inc/Minuit2/SqrtUpParameterTransformation.h,DExt2Int,34,src/transform/sqrt_up.rs,dext2int,11,implemented,symbol name match
root-project/root,math/minuit2,v6-36-08,a8ca1b23e38d7dbe0ff24027894ca0f2ad65f1bd,inc/Minuit2/SqrtUpParameterTransformation.h,DInt2Ext,31,src/transform/sqrt_up.rs,dint2ext,33,implemented,symbol name match
root-project/root,math/minuit2,v6-36-08,a8ca1b23e38d7dbe0ff24027894ca0f2ad65f1bd,inc/Minuit2/SqrtUpParameterTransformation.h,Ext2int,28,src/transform/sqrt_up.rs,ext2int,23,implemented,symbol name match
root-project/root,math/minuit2,v6-36-08,a8ca1b23e38d7dbe0ff24027894ca0f2ad65f1bd,inc/Minuit2/SqrtUpParameterTransformation.h,Int2ext,25,src/transform/sqrt_up.rs,int2ext,19,implemented,symbol name match
root-project/root,math/minuit2,v6-36-08,a8ca1b23e38d7dbe0ff24027894ca0f2ad65f1bd,inc/Minuit2/VariableMetricBuilder.h,AddResult,45,src/migrad/builder.rs,add_result,420,implemented,symbol name match
root-project/root,math/minuit2,v6-36-08,a8ca1b23e38d7dbe0ff24027894ca0f2ad65f1bd,inc/Minuit2/VariableMetricBuilder.h,Minimum,36,src/migrad/builder.rs,minimum,27,implemented,symbol name match
root-project/root,math/minuit2,v6-36-08,a8ca1b23e38d7dbe0ff24027894ca0f2ad65f1bd,inc/Minuit2/VariableMetricEDMEstimator.h,Estimate,18,,,,needs-review,architectural refactor; no 1:1 symbol match
root-project/root,math/minuit2,v6-36-08,a8ca1b23e38d7dbe0ff24027894ca0f2ad65f1bd,inc/Minuit2/VariableMetricMinimizer.h,VariableMetricMinimizer,30,,,,intentionally-skipped,constructor/destructor/operator handled idiomatically in Rust
root-project/root,math/minuit2,v6-36-08,a8ca1b23e38d7dbe0ff24027894ca0f2ad65f1bd,src/mnteigen.cxx,<no_symbol_extracted>,,src/posdef.rs,,,needs-review,source unavailable: src/mnteigen.cxx: failed to download https://raw.githubusercontent.com/root-project/root/a8ca1b23e38d7dbe0ff24027894ca0f2ad65f1bd/math/minuit2/src/mnteigen.cxx: 404
